ISO-10303-21;
HEADER;
/* Generated by software containing ST-Developer
 * from STEP Tools, Inc. (www.steptools.com) 
 */
/* OPTION: using custom renumber hook */

FILE_DESCRIPTION(
/* description */ ('STEP AP242',
'CAx-IF Rec.Pracs.---Representation and Presentation of Product Manufa
cturing Information (PMI)---4.0---2014-10-13',
'CAx-IF Rec.Pracs.---3D Tessellated Geometry---0.4---2014-09-14','2;1'),

/* implementation_level */ '2;1');

FILE_NAME(
/* name */ '68b9cf355df22a73a4655a98',
/* time_stamp */ '2025-09-04T17:41:10Z',
/* author */ (''),
/* organization */ (''),
/* preprocessor_version */ 'ST-DEVELOPER v20',
/* originating_system */ 'ONSHAPE BY PTC INC, 1.203',
/* authorisation */ '  ');

FILE_SCHEMA (('AP242_MANAGED_MODEL_BASED_3D_ENGINEERING_MIM_LF { 1 0 10303 442 1 1 4 }'));
ENDSEC;

DATA;
#10=SHAPE_REPRESENTATION_RELATIONSHIP('','',#1515,#11);
#11=ADVANCED_BREP_SHAPE_REPRESENTATION('',(#1513),#2529);
#12=ORIENTED_CLOSED_SHELL('',*,#1499,.F.);
#13=ORIENTED_CLOSED_SHELL('',*,#1500,.F.);
#14=ORIENTED_CLOSED_SHELL('',*,#1501,.F.);
#15=ORIENTED_CLOSED_SHELL('',*,#1502,.F.);
#16=ORIENTED_CLOSED_SHELL('',*,#1503,.F.);
#17=ORIENTED_CLOSED_SHELL('',*,#1504,.F.);
#18=CYLINDRICAL_SURFACE('',#1558,0.00235);
#19=CYLINDRICAL_SURFACE('',#1561,0.00235);
#20=CYLINDRICAL_SURFACE('',#1564,0.00235);
#21=CYLINDRICAL_SURFACE('',#1567,0.00235);
#22=CYLINDRICAL_SURFACE('',#1570,0.00235);
#23=CYLINDRICAL_SURFACE('',#1573,0.00235);
#24=CYLINDRICAL_SURFACE('',#1596,0.005);
#25=CYLINDRICAL_SURFACE('',#1598,0.005);
#26=CYLINDRICAL_SURFACE('',#1600,0.005);
#27=CYLINDRICAL_SURFACE('',#1602,0.005);
#28=CYLINDRICAL_SURFACE('',#1608,0.005);
#29=CYLINDRICAL_SURFACE('',#1609,0.005);
#30=CYLINDRICAL_SURFACE('',#1611,0.005);
#31=CYLINDRICAL_SURFACE('',#1613,0.005);
#32=CYLINDRICAL_SURFACE('',#1615,0.00235);
#33=CYLINDRICAL_SURFACE('',#1618,0.00235);
#34=CYLINDRICAL_SURFACE('',#1621,0.00235);
#35=CYLINDRICAL_SURFACE('',#1624,0.00235);
#36=CYLINDRICAL_SURFACE('',#1627,0.00235);
#37=CYLINDRICAL_SURFACE('',#1630,0.00235);
#38=CYLINDRICAL_SURFACE('',#1640,0.00235);
#39=CYLINDRICAL_SURFACE('',#1645,0.00235);
#40=CYLINDRICAL_SURFACE('',#1650,0.00235);
#41=CYLINDRICAL_SURFACE('',#1655,0.00235);
#42=CYLINDRICAL_SURFACE('',#1660,0.00235);
#43=CYLINDRICAL_SURFACE('',#1665,0.00235);
#44=LINE('',#2120,#178);
#45=LINE('',#2123,#179);
#46=LINE('',#2125,#180);
#47=LINE('',#2129,#181);
#48=LINE('',#2133,#182);
#49=LINE('',#2137,#183);
#50=LINE('',#2141,#184);
#51=LINE('',#2143,#185);
#52=LINE('',#2145,#186);
#53=LINE('',#2149,#187);
#54=LINE('',#2153,#188);
#55=LINE('',#2157,#189);
#56=LINE('',#2161,#190);
#57=LINE('',#2163,#191);
#58=LINE('',#2165,#192);
#59=LINE('',#2167,#193);
#60=LINE('',#2168,#194);
#61=LINE('',#2170,#195);
#62=LINE('',#2172,#196);
#63=LINE('',#2174,#197);
#64=LINE('',#2176,#198);
#65=LINE('',#2178,#199);
#66=LINE('',#2180,#200);
#67=LINE('',#2182,#201);
#68=LINE('',#2184,#202);
#69=LINE('',#2185,#203);
#70=LINE('',#2187,#204);
#71=LINE('',#2189,#205);
#72=LINE('',#2191,#206);
#73=LINE('',#2194,#207);
#74=LINE('',#2196,#208);
#75=LINE('',#2198,#209);
#76=LINE('',#2200,#210);
#77=LINE('',#2202,#211);
#78=LINE('',#2204,#212);
#79=LINE('',#2206,#213);
#80=LINE('',#2208,#214);
#81=LINE('',#2210,#215);
#82=LINE('',#2212,#216);
#83=LINE('',#2215,#217);
#84=LINE('',#2217,#218);
#85=LINE('',#2219,#219);
#86=LINE('',#2221,#220);
#87=LINE('',#2223,#221);
#88=LINE('',#2225,#222);
#89=LINE('',#2227,#223);
#90=LINE('',#2229,#224);
#91=LINE('',#2231,#225);
#92=LINE('',#2233,#226);
#93=LINE('',#2235,#227);
#94=LINE('',#2237,#228);
#95=LINE('',#2239,#229);
#96=LINE('',#2242,#230);
#97=LINE('',#2244,#231);
#98=LINE('',#2246,#232);
#99=LINE('',#2248,#233);
#100=LINE('',#2250,#234);
#101=LINE('',#2252,#235);
#102=LINE('',#2254,#236);
#103=LINE('',#2256,#237);
#104=LINE('',#2258,#238);
#105=LINE('',#2260,#239);
#106=LINE('',#2263,#240);
#107=LINE('',#2265,#241);
#108=LINE('',#2267,#242);
#109=LINE('',#2269,#243);
#110=LINE('',#2271,#244);
#111=LINE('',#2273,#245);
#112=LINE('',#2275,#246);
#113=LINE('',#2277,#247);
#114=LINE('',#2279,#248);
#115=LINE('',#2281,#249);
#116=LINE('',#2283,#250);
#117=LINE('',#2285,#251);
#118=LINE('',#2287,#252);
#119=LINE('',#2289,#253);
#120=LINE('',#2291,#254);
#121=LINE('',#2293,#255);
#122=LINE('',#2295,#256);
#123=LINE('',#2297,#257);
#124=LINE('',#2299,#258);
#125=LINE('',#2301,#259);
#126=LINE('',#2303,#260);
#127=LINE('',#2305,#261);
#128=LINE('',#2307,#262);
#129=LINE('',#2309,#263);
#130=LINE('',#2311,#264);
#131=LINE('',#2313,#265);
#132=LINE('',#2315,#266);
#133=LINE('',#2317,#267);
#134=LINE('',#2319,#268);
#135=LINE('',#2321,#269);
#136=LINE('',#2323,#270);
#137=LINE('',#2326,#271);
#138=LINE('',#2328,#272);
#139=LINE('',#2330,#273);
#140=LINE('',#2332,#274);
#141=LINE('',#2334,#275);
#142=LINE('',#2336,#276);
#143=LINE('',#2338,#277);
#144=LINE('',#2340,#278);
#145=LINE('',#2342,#279);
#146=LINE('',#2344,#280);
#147=LINE('',#2345,#281);
#148=LINE('',#2377,#282);
#149=LINE('',#2378,#283);
#150=LINE('',#2380,#284);
#151=LINE('',#2381,#285);
#152=LINE('',#2383,#286);
#153=LINE('',#2384,#287);
#154=LINE('',#2386,#288);
#155=LINE('',#2387,#289);
#156=LINE('',#2393,#290);
#157=LINE('',#2397,#291);
#158=LINE('',#2401,#292);
#159=LINE('',#2414,#293);
#160=LINE('',#2416,#294);
#161=LINE('',#2418,#295);
#162=LINE('',#2420,#296);
#163=LINE('',#2422,#297);
#164=LINE('',#2424,#298);
#165=LINE('',#2427,#299);
#166=LINE('',#2433,#300);
#167=LINE('',#2437,#301);
#168=LINE('',#2441,#302);
#169=LINE('',#2443,#303);
#170=LINE('',#2445,#304);
#171=LINE('',#2447,#305);
#172=LINE('',#2449,#306);
#173=LINE('',#2451,#307);
#174=LINE('',#2478,#308);
#175=LINE('',#2480,#309);
#176=LINE('',#2482,#310);
#177=LINE('',#2484,#311);
#178=VECTOR('',#1684,1.);
#179=VECTOR('',#1685,1.);
#180=VECTOR('',#1686,1.);
#181=VECTOR('',#1689,1.);
#182=VECTOR('',#1692,1.);
#183=VECTOR('',#1695,1.);
#184=VECTOR('',#1698,1.);
#185=VECTOR('',#1699,1.);
#186=VECTOR('',#1700,1.);
#187=VECTOR('',#1703,1.);
#188=VECTOR('',#1706,1.);
#189=VECTOR('',#1709,1.);
#190=VECTOR('',#1714,1.);
#191=VECTOR('',#1715,1.);
#192=VECTOR('',#1716,1.);
#193=VECTOR('',#1717,1.);
#194=VECTOR('',#1718,1.);
#195=VECTOR('',#1719,1.);
#196=VECTOR('',#1720,1.);
#197=VECTOR('',#1721,1.);
#198=VECTOR('',#1724,1.);
#199=VECTOR('',#1725,1.);
#200=VECTOR('',#1726,1.);
#201=VECTOR('',#1727,1.);
#202=VECTOR('',#1728,1.);
#203=VECTOR('',#1729,1.);
#204=VECTOR('',#1730,1.);
#205=VECTOR('',#1731,1.);
#206=VECTOR('',#1734,1.);
#207=VECTOR('',#1735,1.);
#208=VECTOR('',#1736,1.);
#209=VECTOR('',#1737,1.);
#210=VECTOR('',#1740,1.);
#211=VECTOR('',#1741,1.);
#212=VECTOR('',#1742,1.);
#213=VECTOR('',#1745,1.);
#214=VECTOR('',#1746,1.);
#215=VECTOR('',#1747,1.);
#216=VECTOR('',#1750,1.);
#217=VECTOR('',#1751,1.);
#218=VECTOR('',#1752,1.);
#219=VECTOR('',#1753,1.);
#220=VECTOR('',#1756,1.);
#221=VECTOR('',#1757,1.);
#222=VECTOR('',#1758,1.);
#223=VECTOR('',#1761,1.);
#224=VECTOR('',#1762,1.);
#225=VECTOR('',#1763,1.);
#226=VECTOR('',#1766,1.);
#227=VECTOR('',#1767,1.);
#228=VECTOR('',#1768,1.);
#229=VECTOR('',#1771,1.);
#230=VECTOR('',#1772,1.);
#231=VECTOR('',#1773,1.);
#232=VECTOR('',#1774,1.);
#233=VECTOR('',#1777,1.);
#234=VECTOR('',#1778,1.);
#235=VECTOR('',#1779,1.);
#236=VECTOR('',#1782,1.);
#237=VECTOR('',#1783,1.);
#238=VECTOR('',#1784,1.);
#239=VECTOR('',#1787,1.);
#240=VECTOR('',#1788,1.);
#241=VECTOR('',#1789,1.);
#242=VECTOR('',#1790,1.);
#243=VECTOR('',#1793,1.);
#244=VECTOR('',#1794,1.);
#245=VECTOR('',#1795,1.);
#246=VECTOR('',#1798,1.);
#247=VECTOR('',#1799,1.);
#248=VECTOR('',#1800,1.);
#249=VECTOR('',#1803,1.);
#250=VECTOR('',#1804,1.);
#251=VECTOR('',#1805,1.);
#252=VECTOR('',#1808,1.);
#253=VECTOR('',#1809,1.);
#254=VECTOR('',#1810,1.);
#255=VECTOR('',#1813,1.);
#256=VECTOR('',#1814,1.);
#257=VECTOR('',#1815,1.);
#258=VECTOR('',#1818,1.);
#259=VECTOR('',#1819,1.);
#260=VECTOR('',#1820,1.);
#261=VECTOR('',#1823,1.);
#262=VECTOR('',#1824,1.);
#263=VECTOR('',#1825,1.);
#264=VECTOR('',#1828,1.);
#265=VECTOR('',#1829,1.);
#266=VECTOR('',#1830,1.);
#267=VECTOR('',#1833,1.);
#268=VECTOR('',#1834,1.);
#269=VECTOR('',#1835,1.);
#270=VECTOR('',#1838,1.);
#271=VECTOR('',#1839,1.);
#272=VECTOR('',#1840,1.);
#273=VECTOR('',#1841,1.);
#274=VECTOR('',#1844,1.);
#275=VECTOR('',#1845,1.);
#276=VECTOR('',#1846,1.);
#277=VECTOR('',#1849,1.);
#278=VECTOR('',#1850,1.);
#279=VECTOR('',#1851,1.);
#280=VECTOR('',#1854,1.);
#281=VECTOR('',#1855,1.);
#282=VECTOR('',#1894,1.);
#283=VECTOR('',#1895,1.);
#284=VECTOR('',#1898,1.);
#285=VECTOR('',#1899,1.);
#286=VECTOR('',#1902,1.);
#287=VECTOR('',#1903,1.);
#288=VECTOR('',#1906,1.);
#289=VECTOR('',#1907,1.);
#290=VECTOR('',#1914,1.);
#291=VECTOR('',#1917,1.);
#292=VECTOR('',#1920,1.);
#293=VECTOR('',#1945,1.);
#294=VECTOR('',#1948,1.);
#295=VECTOR('',#1951,1.);
#296=VECTOR('',#1954,1.);
#297=VECTOR('',#1957,1.);
#298=VECTOR('',#1960,1.);
#299=VECTOR('',#1965,1.);
#300=VECTOR('',#1970,1.);
#301=VECTOR('',#1973,1.);
#302=VECTOR('',#1978,1.);
#303=VECTOR('',#1981,1.);
#304=VECTOR('',#1984,1.);
#305=VECTOR('',#1987,1.);
#306=VECTOR('',#1990,1.);
#307=VECTOR('',#1993,1.);
#308=VECTOR('',#2034,1.);
#309=VECTOR('',#2037,1.);
#310=VECTOR('',#2040,1.);
#311=VECTOR('',#2043,1.);
#312=ORIENTED_EDGE('',*,*,#684,.F.);
#313=ORIENTED_EDGE('',*,*,#685,.F.);
#314=ORIENTED_EDGE('',*,*,#686,.F.);
#315=ORIENTED_EDGE('',*,*,#687,.F.);
#316=ORIENTED_EDGE('',*,*,#688,.F.);
#317=ORIENTED_EDGE('',*,*,#689,.F.);
#318=ORIENTED_EDGE('',*,*,#690,.T.);
#319=ORIENTED_EDGE('',*,*,#691,.T.);
#320=ORIENTED_EDGE('',*,*,#692,.T.);
#321=ORIENTED_EDGE('',*,*,#693,.T.);
#322=ORIENTED_EDGE('',*,*,#694,.T.);
#323=ORIENTED_EDGE('',*,*,#695,.T.);
#324=ORIENTED_EDGE('',*,*,#696,.F.);
#325=ORIENTED_EDGE('',*,*,#697,.T.);
#326=ORIENTED_EDGE('',*,*,#698,.F.);
#327=ORIENTED_EDGE('',*,*,#699,.T.);
#328=ORIENTED_EDGE('',*,*,#700,.T.);
#329=ORIENTED_EDGE('',*,*,#701,.F.);
#330=ORIENTED_EDGE('',*,*,#702,.T.);
#331=ORIENTED_EDGE('',*,*,#703,.F.);
#332=ORIENTED_EDGE('',*,*,#704,.F.);
#333=ORIENTED_EDGE('',*,*,#705,.F.);
#334=ORIENTED_EDGE('',*,*,#706,.F.);
#335=ORIENTED_EDGE('',*,*,#707,.F.);
#336=ORIENTED_EDGE('',*,*,#708,.T.);
#337=ORIENTED_EDGE('',*,*,#709,.F.);
#338=ORIENTED_EDGE('',*,*,#710,.F.);
#339=ORIENTED_EDGE('',*,*,#690,.F.);
#340=ORIENTED_EDGE('',*,*,#711,.T.);
#341=ORIENTED_EDGE('',*,*,#712,.T.);
#342=ORIENTED_EDGE('',*,*,#713,.F.);
#343=ORIENTED_EDGE('',*,*,#702,.F.);
#344=ORIENTED_EDGE('',*,*,#714,.T.);
#345=ORIENTED_EDGE('',*,*,#715,.T.);
#346=ORIENTED_EDGE('',*,*,#716,.F.);
#347=ORIENTED_EDGE('',*,*,#717,.F.);
#348=ORIENTED_EDGE('',*,*,#718,.F.);
#349=ORIENTED_EDGE('',*,*,#719,.F.);
#350=ORIENTED_EDGE('',*,*,#720,.F.);
#351=ORIENTED_EDGE('',*,*,#721,.T.);
#352=ORIENTED_EDGE('',*,*,#722,.T.);
#353=ORIENTED_EDGE('',*,*,#700,.F.);
#354=ORIENTED_EDGE('',*,*,#723,.T.);
#355=ORIENTED_EDGE('',*,*,#724,.T.);
#356=ORIENTED_EDGE('',*,*,#725,.F.);
#357=ORIENTED_EDGE('',*,*,#692,.F.);
#358=ORIENTED_EDGE('',*,*,#726,.F.);
#359=ORIENTED_EDGE('',*,*,#727,.F.);
#360=ORIENTED_EDGE('',*,*,#728,.T.);
#361=ORIENTED_EDGE('',*,*,#729,.T.);
#362=ORIENTED_EDGE('',*,*,#730,.T.);
#363=ORIENTED_EDGE('',*,*,#731,.F.);
#364=ORIENTED_EDGE('',*,*,#732,.F.);
#365=ORIENTED_EDGE('',*,*,#727,.T.);
#366=ORIENTED_EDGE('',*,*,#733,.T.);
#367=ORIENTED_EDGE('',*,*,#734,.F.);
#368=ORIENTED_EDGE('',*,*,#735,.F.);
#369=ORIENTED_EDGE('',*,*,#731,.T.);
#370=ORIENTED_EDGE('',*,*,#736,.F.);
#371=ORIENTED_EDGE('',*,*,#737,.F.);
#372=ORIENTED_EDGE('',*,*,#738,.T.);
#373=ORIENTED_EDGE('',*,*,#739,.T.);
#374=ORIENTED_EDGE('',*,*,#740,.F.);
#375=ORIENTED_EDGE('',*,*,#741,.F.);
#376=ORIENTED_EDGE('',*,*,#742,.T.);
#377=ORIENTED_EDGE('',*,*,#737,.T.);
#378=ORIENTED_EDGE('',*,*,#743,.F.);
#379=ORIENTED_EDGE('',*,*,#744,.F.);
#380=ORIENTED_EDGE('',*,*,#745,.T.);
#381=ORIENTED_EDGE('',*,*,#741,.T.);
#382=ORIENTED_EDGE('',*,*,#746,.T.);
#383=ORIENTED_EDGE('',*,*,#747,.F.);
#384=ORIENTED_EDGE('',*,*,#748,.F.);
#385=ORIENTED_EDGE('',*,*,#744,.T.);
#386=ORIENTED_EDGE('',*,*,#749,.F.);
#387=ORIENTED_EDGE('',*,*,#750,.F.);
#388=ORIENTED_EDGE('',*,*,#751,.T.);
#389=ORIENTED_EDGE('',*,*,#752,.T.);
#390=ORIENTED_EDGE('',*,*,#753,.T.);
#391=ORIENTED_EDGE('',*,*,#754,.F.);
#392=ORIENTED_EDGE('',*,*,#755,.F.);
#393=ORIENTED_EDGE('',*,*,#750,.T.);
#394=ORIENTED_EDGE('',*,*,#756,.T.);
#395=ORIENTED_EDGE('',*,*,#757,.F.);
#396=ORIENTED_EDGE('',*,*,#758,.F.);
#397=ORIENTED_EDGE('',*,*,#754,.T.);
#398=ORIENTED_EDGE('',*,*,#759,.F.);
#399=ORIENTED_EDGE('',*,*,#760,.F.);
#400=ORIENTED_EDGE('',*,*,#761,.T.);
#401=ORIENTED_EDGE('',*,*,#762,.T.);
#402=ORIENTED_EDGE('',*,*,#763,.T.);
#403=ORIENTED_EDGE('',*,*,#764,.F.);
#404=ORIENTED_EDGE('',*,*,#765,.F.);
#405=ORIENTED_EDGE('',*,*,#760,.T.);
#406=ORIENTED_EDGE('',*,*,#766,.F.);
#407=ORIENTED_EDGE('',*,*,#767,.F.);
#408=ORIENTED_EDGE('',*,*,#768,.T.);
#409=ORIENTED_EDGE('',*,*,#764,.T.);
#410=ORIENTED_EDGE('',*,*,#769,.F.);
#411=ORIENTED_EDGE('',*,*,#770,.F.);
#412=ORIENTED_EDGE('',*,*,#771,.T.);
#413=ORIENTED_EDGE('',*,*,#767,.T.);
#414=ORIENTED_EDGE('',*,*,#772,.F.);
#415=ORIENTED_EDGE('',*,*,#773,.F.);
#416=ORIENTED_EDGE('',*,*,#774,.T.);
#417=ORIENTED_EDGE('',*,*,#770,.T.);
#418=ORIENTED_EDGE('',*,*,#775,.T.);
#419=ORIENTED_EDGE('',*,*,#776,.F.);
#420=ORIENTED_EDGE('',*,*,#777,.F.);
#421=ORIENTED_EDGE('',*,*,#773,.T.);
#422=ORIENTED_EDGE('',*,*,#778,.F.);
#423=ORIENTED_EDGE('',*,*,#779,.F.);
#424=ORIENTED_EDGE('',*,*,#780,.T.);
#425=ORIENTED_EDGE('',*,*,#776,.T.);
#426=ORIENTED_EDGE('',*,*,#781,.T.);
#427=ORIENTED_EDGE('',*,*,#782,.F.);
#428=ORIENTED_EDGE('',*,*,#783,.F.);
#429=ORIENTED_EDGE('',*,*,#779,.T.);
#430=ORIENTED_EDGE('',*,*,#784,.T.);
#431=ORIENTED_EDGE('',*,*,#785,.F.);
#432=ORIENTED_EDGE('',*,*,#786,.F.);
#433=ORIENTED_EDGE('',*,*,#782,.T.);
#434=ORIENTED_EDGE('',*,*,#787,.F.);
#435=ORIENTED_EDGE('',*,*,#788,.F.);
#436=ORIENTED_EDGE('',*,*,#789,.T.);
#437=ORIENTED_EDGE('',*,*,#785,.T.);
#438=ORIENTED_EDGE('',*,*,#790,.F.);
#439=ORIENTED_EDGE('',*,*,#791,.F.);
#440=ORIENTED_EDGE('',*,*,#792,.T.);
#441=ORIENTED_EDGE('',*,*,#793,.T.);
#442=ORIENTED_EDGE('',*,*,#794,.T.);
#443=ORIENTED_EDGE('',*,*,#795,.F.);
#444=ORIENTED_EDGE('',*,*,#796,.F.);
#445=ORIENTED_EDGE('',*,*,#791,.T.);
#446=ORIENTED_EDGE('',*,*,#797,.T.);
#447=ORIENTED_EDGE('',*,*,#798,.F.);
#448=ORIENTED_EDGE('',*,*,#799,.F.);
#449=ORIENTED_EDGE('',*,*,#795,.T.);
#450=ORIENTED_EDGE('',*,*,#800,.T.);
#451=ORIENTED_EDGE('',*,*,#739,.F.);
#452=ORIENTED_EDGE('',*,*,#801,.F.);
#453=ORIENTED_EDGE('',*,*,#747,.T.);
#454=ORIENTED_EDGE('',*,*,#802,.T.);
#455=ORIENTED_EDGE('',*,*,#803,.T.);
#456=ORIENTED_EDGE('',*,*,#804,.T.);
#457=ORIENTED_EDGE('',*,*,#805,.T.);
#458=ORIENTED_EDGE('',*,*,#806,.T.);
#459=ORIENTED_EDGE('',*,*,#807,.T.);
#460=ORIENTED_EDGE('',*,*,#808,.T.);
#461=ORIENTED_EDGE('',*,*,#809,.T.);
#462=ORIENTED_EDGE('',*,*,#810,.T.);
#463=ORIENTED_EDGE('',*,*,#811,.T.);
#464=ORIENTED_EDGE('',*,*,#812,.T.);
#465=ORIENTED_EDGE('',*,*,#813,.T.);
#466=ORIENTED_EDGE('',*,*,#814,.F.);
#467=ORIENTED_EDGE('',*,*,#752,.F.);
#468=ORIENTED_EDGE('',*,*,#815,.T.);
#469=ORIENTED_EDGE('',*,*,#757,.T.);
#470=ORIENTED_EDGE('',*,*,#816,.F.);
#471=ORIENTED_EDGE('',*,*,#762,.F.);
#472=ORIENTED_EDGE('',*,*,#817,.T.);
#473=ORIENTED_EDGE('',*,*,#788,.T.);
#474=ORIENTED_EDGE('',*,*,#818,.F.);
#475=ORIENTED_EDGE('',*,*,#793,.F.);
#476=ORIENTED_EDGE('',*,*,#819,.T.);
#477=ORIENTED_EDGE('',*,*,#798,.T.);
#478=ORIENTED_EDGE('',*,*,#820,.F.);
#479=ORIENTED_EDGE('',*,*,#729,.F.);
#480=ORIENTED_EDGE('',*,*,#821,.T.);
#481=ORIENTED_EDGE('',*,*,#734,.T.);
#482=ORIENTED_EDGE('',*,*,#822,.T.);
#483=ORIENTED_EDGE('',*,*,#712,.F.);
#484=ORIENTED_EDGE('',*,*,#823,.T.);
#485=ORIENTED_EDGE('',*,*,#824,.F.);
#486=ORIENTED_EDGE('',*,*,#825,.T.);
#487=ORIENTED_EDGE('',*,*,#826,.T.);
#488=ORIENTED_EDGE('',*,*,#827,.T.);
#489=ORIENTED_EDGE('',*,*,#828,.T.);
#490=ORIENTED_EDGE('',*,*,#792,.F.);
#491=ORIENTED_EDGE('',*,*,#796,.T.);
#492=ORIENTED_EDGE('',*,*,#799,.T.);
#493=ORIENTED_EDGE('',*,*,#819,.F.);
#494=ORIENTED_EDGE('',*,*,#761,.F.);
#495=ORIENTED_EDGE('',*,*,#765,.T.);
#496=ORIENTED_EDGE('',*,*,#768,.F.);
#497=ORIENTED_EDGE('',*,*,#771,.F.);
#498=ORIENTED_EDGE('',*,*,#774,.F.);
#499=ORIENTED_EDGE('',*,*,#777,.T.);
#500=ORIENTED_EDGE('',*,*,#780,.F.);
#501=ORIENTED_EDGE('',*,*,#783,.T.);
#502=ORIENTED_EDGE('',*,*,#786,.T.);
#503=ORIENTED_EDGE('',*,*,#789,.F.);
#504=ORIENTED_EDGE('',*,*,#817,.F.);
#505=ORIENTED_EDGE('',*,*,#751,.F.);
#506=ORIENTED_EDGE('',*,*,#755,.T.);
#507=ORIENTED_EDGE('',*,*,#758,.T.);
#508=ORIENTED_EDGE('',*,*,#815,.F.);
#509=ORIENTED_EDGE('',*,*,#812,.F.);
#510=ORIENTED_EDGE('',*,*,#810,.F.);
#511=ORIENTED_EDGE('',*,*,#808,.F.);
#512=ORIENTED_EDGE('',*,*,#806,.F.);
#513=ORIENTED_EDGE('',*,*,#804,.F.);
#514=ORIENTED_EDGE('',*,*,#802,.F.);
#515=ORIENTED_EDGE('',*,*,#738,.F.);
#516=ORIENTED_EDGE('',*,*,#742,.F.);
#517=ORIENTED_EDGE('',*,*,#745,.F.);
#518=ORIENTED_EDGE('',*,*,#748,.T.);
#519=ORIENTED_EDGE('',*,*,#801,.T.);
#520=ORIENTED_EDGE('',*,*,#728,.F.);
#521=ORIENTED_EDGE('',*,*,#732,.T.);
#522=ORIENTED_EDGE('',*,*,#735,.T.);
#523=ORIENTED_EDGE('',*,*,#821,.F.);
#524=ORIENTED_EDGE('',*,*,#726,.T.);
#525=ORIENTED_EDGE('',*,*,#820,.T.);
#526=ORIENTED_EDGE('',*,*,#733,.F.);
#527=ORIENTED_EDGE('',*,*,#730,.F.);
#528=ORIENTED_EDGE('',*,*,#790,.T.);
#529=ORIENTED_EDGE('',*,*,#818,.T.);
#530=ORIENTED_EDGE('',*,*,#797,.F.);
#531=ORIENTED_EDGE('',*,*,#794,.F.);
#532=ORIENTED_EDGE('',*,*,#759,.T.);
#533=ORIENTED_EDGE('',*,*,#816,.T.);
#534=ORIENTED_EDGE('',*,*,#787,.T.);
#535=ORIENTED_EDGE('',*,*,#784,.F.);
#536=ORIENTED_EDGE('',*,*,#781,.F.);
#537=ORIENTED_EDGE('',*,*,#778,.T.);
#538=ORIENTED_EDGE('',*,*,#775,.F.);
#539=ORIENTED_EDGE('',*,*,#772,.T.);
#540=ORIENTED_EDGE('',*,*,#769,.T.);
#541=ORIENTED_EDGE('',*,*,#766,.T.);
#542=ORIENTED_EDGE('',*,*,#763,.F.);
#543=ORIENTED_EDGE('',*,*,#749,.T.);
#544=ORIENTED_EDGE('',*,*,#814,.T.);
#545=ORIENTED_EDGE('',*,*,#756,.F.);
#546=ORIENTED_EDGE('',*,*,#753,.F.);
#547=ORIENTED_EDGE('',*,*,#813,.F.);
#548=ORIENTED_EDGE('',*,*,#811,.F.);
#549=ORIENTED_EDGE('',*,*,#809,.F.);
#550=ORIENTED_EDGE('',*,*,#807,.F.);
#551=ORIENTED_EDGE('',*,*,#805,.F.);
#552=ORIENTED_EDGE('',*,*,#803,.F.);
#553=ORIENTED_EDGE('',*,*,#736,.T.);
#554=ORIENTED_EDGE('',*,*,#800,.F.);
#555=ORIENTED_EDGE('',*,*,#746,.F.);
#556=ORIENTED_EDGE('',*,*,#743,.T.);
#557=ORIENTED_EDGE('',*,*,#740,.T.);
#558=ORIENTED_EDGE('',*,*,#823,.F.);
#559=ORIENTED_EDGE('',*,*,#711,.F.);
#560=ORIENTED_EDGE('',*,*,#709,.T.);
#561=ORIENTED_EDGE('',*,*,#829,.T.);
#562=ORIENTED_EDGE('',*,*,#824,.T.);
#563=ORIENTED_EDGE('',*,*,#829,.F.);
#564=ORIENTED_EDGE('',*,*,#708,.F.);
#565=ORIENTED_EDGE('',*,*,#830,.T.);
#566=ORIENTED_EDGE('',*,*,#825,.F.);
#567=ORIENTED_EDGE('',*,*,#830,.F.);
#568=ORIENTED_EDGE('',*,*,#707,.T.);
#569=ORIENTED_EDGE('',*,*,#831,.T.);
#570=ORIENTED_EDGE('',*,*,#826,.F.);
#571=ORIENTED_EDGE('',*,*,#831,.F.);
#572=ORIENTED_EDGE('',*,*,#706,.T.);
#573=ORIENTED_EDGE('',*,*,#832,.T.);
#574=ORIENTED_EDGE('',*,*,#827,.F.);
#575=ORIENTED_EDGE('',*,*,#832,.F.);
#576=ORIENTED_EDGE('',*,*,#705,.T.);
#577=ORIENTED_EDGE('',*,*,#833,.T.);
#578=ORIENTED_EDGE('',*,*,#828,.F.);
#579=ORIENTED_EDGE('',*,*,#833,.F.);
#580=ORIENTED_EDGE('',*,*,#704,.T.);
#581=ORIENTED_EDGE('',*,*,#834,.T.);
#582=ORIENTED_EDGE('',*,*,#822,.F.);
#583=ORIENTED_EDGE('',*,*,#834,.F.);
#584=ORIENTED_EDGE('',*,*,#703,.T.);
#585=ORIENTED_EDGE('',*,*,#713,.T.);
#586=ORIENTED_EDGE('',*,*,#835,.F.);
#587=ORIENTED_EDGE('',*,*,#836,.F.);
#588=ORIENTED_EDGE('',*,*,#724,.F.);
#589=ORIENTED_EDGE('',*,*,#837,.F.);
#590=ORIENTED_EDGE('',*,*,#838,.T.);
#591=ORIENTED_EDGE('',*,*,#839,.F.);
#592=ORIENTED_EDGE('',*,*,#840,.T.);
#593=ORIENTED_EDGE('',*,*,#841,.F.);
#594=ORIENTED_EDGE('',*,*,#836,.T.);
#595=ORIENTED_EDGE('',*,*,#842,.F.);
#596=ORIENTED_EDGE('',*,*,#693,.F.);
#597=ORIENTED_EDGE('',*,*,#725,.T.);
#598=ORIENTED_EDGE('',*,*,#837,.T.);
#599=ORIENTED_EDGE('',*,*,#723,.F.);
#600=ORIENTED_EDGE('',*,*,#699,.F.);
#601=ORIENTED_EDGE('',*,*,#843,.T.);
#602=ORIENTED_EDGE('',*,*,#838,.F.);
#603=ORIENTED_EDGE('',*,*,#843,.F.);
#604=ORIENTED_EDGE('',*,*,#698,.T.);
#605=ORIENTED_EDGE('',*,*,#844,.T.);
#606=ORIENTED_EDGE('',*,*,#839,.T.);
#607=ORIENTED_EDGE('',*,*,#844,.F.);
#608=ORIENTED_EDGE('',*,*,#697,.F.);
#609=ORIENTED_EDGE('',*,*,#845,.T.);
#610=ORIENTED_EDGE('',*,*,#840,.F.);
#611=ORIENTED_EDGE('',*,*,#845,.F.);
#612=ORIENTED_EDGE('',*,*,#696,.T.);
#613=ORIENTED_EDGE('',*,*,#846,.T.);
#614=ORIENTED_EDGE('',*,*,#841,.T.);
#615=ORIENTED_EDGE('',*,*,#846,.F.);
#616=ORIENTED_EDGE('',*,*,#695,.F.);
#617=ORIENTED_EDGE('',*,*,#847,.T.);
#618=ORIENTED_EDGE('',*,*,#835,.T.);
#619=ORIENTED_EDGE('',*,*,#847,.F.);
#620=ORIENTED_EDGE('',*,*,#694,.F.);
#621=ORIENTED_EDGE('',*,*,#842,.T.);
#622=ORIENTED_EDGE('',*,*,#848,.F.);
#623=ORIENTED_EDGE('',*,*,#689,.T.);
#624=ORIENTED_EDGE('',*,*,#848,.T.);
#625=ORIENTED_EDGE('',*,*,#849,.F.);
#626=ORIENTED_EDGE('',*,*,#688,.T.);
#627=ORIENTED_EDGE('',*,*,#849,.T.);
#628=ORIENTED_EDGE('',*,*,#850,.F.);
#629=ORIENTED_EDGE('',*,*,#687,.T.);
#630=ORIENTED_EDGE('',*,*,#850,.T.);
#631=ORIENTED_EDGE('',*,*,#851,.F.);
#632=ORIENTED_EDGE('',*,*,#686,.T.);
#633=ORIENTED_EDGE('',*,*,#851,.T.);
#634=ORIENTED_EDGE('',*,*,#852,.F.);
#635=ORIENTED_EDGE('',*,*,#685,.T.);
#636=ORIENTED_EDGE('',*,*,#852,.T.);
#637=ORIENTED_EDGE('',*,*,#853,.F.);
#638=ORIENTED_EDGE('',*,*,#684,.T.);
#639=ORIENTED_EDGE('',*,*,#853,.T.);
#640=ORIENTED_EDGE('',*,*,#710,.T.);
#641=ORIENTED_EDGE('',*,*,#854,.F.);
#642=ORIENTED_EDGE('',*,*,#718,.T.);
#643=ORIENTED_EDGE('',*,*,#691,.F.);
#644=ORIENTED_EDGE('',*,*,#717,.T.);
#645=ORIENTED_EDGE('',*,*,#855,.F.);
#646=ORIENTED_EDGE('',*,*,#719,.T.);
#647=ORIENTED_EDGE('',*,*,#854,.T.);
#648=ORIENTED_EDGE('',*,*,#716,.T.);
#649=ORIENTED_EDGE('',*,*,#856,.F.);
#650=ORIENTED_EDGE('',*,*,#720,.T.);
#651=ORIENTED_EDGE('',*,*,#855,.T.);
#652=ORIENTED_EDGE('',*,*,#857,.F.);
#653=ORIENTED_EDGE('',*,*,#721,.F.);
#654=ORIENTED_EDGE('',*,*,#856,.T.);
#655=ORIENTED_EDGE('',*,*,#715,.F.);
#656=ORIENTED_EDGE('',*,*,#701,.T.);
#657=ORIENTED_EDGE('',*,*,#722,.F.);
#658=ORIENTED_EDGE('',*,*,#857,.T.);
#659=ORIENTED_EDGE('',*,*,#714,.F.);
#660=ORIENTED_EDGE('',*,*,#858,.F.);
#661=ORIENTED_EDGE('',*,*,#859,.T.);
#662=ORIENTED_EDGE('',*,*,#858,.T.);
#663=ORIENTED_EDGE('',*,*,#859,.F.);
#664=ORIENTED_EDGE('',*,*,#860,.F.);
#665=ORIENTED_EDGE('',*,*,#861,.T.);
#666=ORIENTED_EDGE('',*,*,#860,.T.);
#667=ORIENTED_EDGE('',*,*,#861,.F.);
#668=ORIENTED_EDGE('',*,*,#862,.F.);
#669=ORIENTED_EDGE('',*,*,#863,.T.);
#670=ORIENTED_EDGE('',*,*,#862,.T.);
#671=ORIENTED_EDGE('',*,*,#863,.F.);
#672=ORIENTED_EDGE('',*,*,#864,.F.);
#673=ORIENTED_EDGE('',*,*,#865,.T.);
#674=ORIENTED_EDGE('',*,*,#864,.T.);
#675=ORIENTED_EDGE('',*,*,#865,.F.);
#676=ORIENTED_EDGE('',*,*,#866,.F.);
#677=ORIENTED_EDGE('',*,*,#867,.T.);
#678=ORIENTED_EDGE('',*,*,#866,.T.);
#679=ORIENTED_EDGE('',*,*,#867,.F.);
#680=ORIENTED_EDGE('',*,*,#868,.F.);
#681=ORIENTED_EDGE('',*,*,#869,.T.);
#682=ORIENTED_EDGE('',*,*,#868,.T.);
#683=ORIENTED_EDGE('',*,*,#869,.F.);
#684=EDGE_CURVE('',#870,#870,#1006,.T.);
#685=EDGE_CURVE('',#871,#871,#1007,.T.);
#686=EDGE_CURVE('',#872,#872,#1008,.T.);
#687=EDGE_CURVE('',#873,#873,#1009,.T.);
#688=EDGE_CURVE('',#874,#874,#1010,.T.);
#689=EDGE_CURVE('',#875,#875,#1011,.T.);
#690=EDGE_CURVE('',#876,#877,#44,.T.);
#691=EDGE_CURVE('',#877,#878,#45,.T.);
#692=EDGE_CURVE('',#878,#879,#46,.T.);
#693=EDGE_CURVE('',#879,#880,#1012,.T.);
#694=EDGE_CURVE('',#880,#881,#47,.T.);
#695=EDGE_CURVE('',#881,#882,#1013,.T.);
#696=EDGE_CURVE('',#883,#882,#48,.T.);
#697=EDGE_CURVE('',#883,#884,#1014,.T.);
#698=EDGE_CURVE('',#885,#884,#49,.T.);
#699=EDGE_CURVE('',#885,#886,#1015,.T.);
#700=EDGE_CURVE('',#886,#887,#50,.T.);
#701=EDGE_CURVE('',#888,#887,#51,.T.);
#702=EDGE_CURVE('',#888,#889,#52,.T.);
#703=EDGE_CURVE('',#890,#889,#1016,.T.);
#704=EDGE_CURVE('',#891,#890,#53,.T.);
#705=EDGE_CURVE('',#892,#891,#1017,.T.);
#706=EDGE_CURVE('',#893,#892,#54,.T.);
#707=EDGE_CURVE('',#894,#893,#1018,.T.);
#708=EDGE_CURVE('',#894,#895,#55,.T.);
#709=EDGE_CURVE('',#876,#895,#1019,.T.);
#710=EDGE_CURVE('',#877,#896,#56,.T.);
#711=EDGE_CURVE('',#876,#897,#57,.T.);
#712=EDGE_CURVE('',#897,#898,#58,.T.);
#713=EDGE_CURVE('',#889,#898,#59,.T.);
#714=EDGE_CURVE('',#888,#899,#60,.T.);
#715=EDGE_CURVE('',#899,#900,#61,.T.);
#716=EDGE_CURVE('',#901,#900,#62,.T.);
#717=EDGE_CURVE('',#896,#901,#63,.T.);
#718=EDGE_CURVE('',#902,#878,#64,.T.);
#719=EDGE_CURVE('',#903,#902,#65,.T.);
#720=EDGE_CURVE('',#904,#903,#66,.T.);
#721=EDGE_CURVE('',#904,#905,#67,.T.);
#722=EDGE_CURVE('',#905,#887,#68,.T.);
#723=EDGE_CURVE('',#886,#906,#69,.T.);
#724=EDGE_CURVE('',#906,#907,#70,.T.);
#725=EDGE_CURVE('',#879,#907,#71,.T.);
#726=EDGE_CURVE('',#908,#909,#72,.T.);
#727=EDGE_CURVE('',#910,#908,#73,.T.);
#728=EDGE_CURVE('',#910,#911,#74,.T.);
#729=EDGE_CURVE('',#911,#909,#75,.T.);
#730=EDGE_CURVE('',#908,#912,#76,.T.);
#731=EDGE_CURVE('',#913,#912,#77,.T.);
#732=EDGE_CURVE('',#910,#913,#78,.T.);
#733=EDGE_CURVE('',#912,#914,#79,.T.);
#734=EDGE_CURVE('',#915,#914,#80,.T.);
#735=EDGE_CURVE('',#913,#915,#81,.T.);
#736=EDGE_CURVE('',#916,#917,#82,.T.);
#737=EDGE_CURVE('',#918,#916,#83,.T.);
#738=EDGE_CURVE('',#918,#919,#84,.T.);
#739=EDGE_CURVE('',#919,#917,#85,.T.);
#740=EDGE_CURVE('',#920,#916,#86,.T.);
#741=EDGE_CURVE('',#921,#920,#87,.T.);
#742=EDGE_CURVE('',#921,#918,#88,.T.);
#743=EDGE_CURVE('',#922,#920,#89,.T.);
#744=EDGE_CURVE('',#923,#922,#90,.T.);
#745=EDGE_CURVE('',#923,#921,#91,.T.);
#746=EDGE_CURVE('',#922,#924,#92,.T.);
#747=EDGE_CURVE('',#925,#924,#93,.T.);
#748=EDGE_CURVE('',#923,#925,#94,.T.);
#749=EDGE_CURVE('',#926,#927,#95,.T.);
#750=EDGE_CURVE('',#928,#926,#96,.T.);
#751=EDGE_CURVE('',#928,#929,#97,.T.);
#752=EDGE_CURVE('',#929,#927,#98,.T.);
#753=EDGE_CURVE('',#926,#930,#99,.T.);
#754=EDGE_CURVE('',#931,#930,#100,.T.);
#755=EDGE_CURVE('',#928,#931,#101,.T.);
#756=EDGE_CURVE('',#930,#932,#102,.T.);
#757=EDGE_CURVE('',#933,#932,#103,.T.);
#758=EDGE_CURVE('',#931,#933,#104,.T.);
#759=EDGE_CURVE('',#934,#935,#105,.T.);
#760=EDGE_CURVE('',#936,#934,#106,.T.);
#761=EDGE_CURVE('',#936,#937,#107,.T.);
#762=EDGE_CURVE('',#937,#935,#108,.T.);
#763=EDGE_CURVE('',#934,#938,#109,.T.);
#764=EDGE_CURVE('',#939,#938,#110,.T.);
#765=EDGE_CURVE('',#936,#939,#111,.T.);
#766=EDGE_CURVE('',#940,#938,#112,.T.);
#767=EDGE_CURVE('',#941,#940,#113,.T.);
#768=EDGE_CURVE('',#941,#939,#114,.T.);
#769=EDGE_CURVE('',#942,#940,#115,.T.);
#770=EDGE_CURVE('',#943,#942,#116,.T.);
#771=EDGE_CURVE('',#943,#941,#117,.T.);
#772=EDGE_CURVE('',#944,#942,#118,.T.);
#773=EDGE_CURVE('',#945,#944,#119,.T.);
#774=EDGE_CURVE('',#945,#943,#120,.T.);
#775=EDGE_CURVE('',#944,#946,#121,.T.);
#776=EDGE_CURVE('',#947,#946,#122,.T.);
#777=EDGE_CURVE('',#945,#947,#123,.T.);
#778=EDGE_CURVE('',#948,#946,#124,.T.);
#779=EDGE_CURVE('',#949,#948,#125,.T.);
#780=EDGE_CURVE('',#949,#947,#126,.T.);
#781=EDGE_CURVE('',#948,#950,#127,.T.);
#782=EDGE_CURVE('',#951,#950,#128,.T.);
#783=EDGE_CURVE('',#949,#951,#129,.T.);
#784=EDGE_CURVE('',#950,#952,#130,.T.);
#785=EDGE_CURVE('',#953,#952,#131,.T.);
#786=EDGE_CURVE('',#951,#953,#132,.T.);
#787=EDGE_CURVE('',#954,#952,#133,.T.);
#788=EDGE_CURVE('',#955,#954,#134,.T.);
#789=EDGE_CURVE('',#955,#953,#135,.T.);
#790=EDGE_CURVE('',#956,#957,#136,.T.);
#791=EDGE_CURVE('',#958,#956,#137,.T.);
#792=EDGE_CURVE('',#958,#959,#138,.T.);
#793=EDGE_CURVE('',#959,#957,#139,.T.);
#794=EDGE_CURVE('',#956,#960,#140,.T.);
#795=EDGE_CURVE('',#961,#960,#141,.T.);
#796=EDGE_CURVE('',#958,#961,#142,.T.);
#797=EDGE_CURVE('',#960,#962,#143,.T.);
#798=EDGE_CURVE('',#963,#962,#144,.T.);
#799=EDGE_CURVE('',#961,#963,#145,.T.);
#800=EDGE_CURVE('',#924,#917,#146,.T.);
#801=EDGE_CURVE('',#925,#919,#147,.T.);
#802=EDGE_CURVE('',#964,#964,#1020,.T.);
#803=EDGE_CURVE('',#965,#965,#1021,.F.);
#804=EDGE_CURVE('',#966,#966,#1022,.T.);
#805=EDGE_CURVE('',#967,#967,#1023,.F.);
#806=EDGE_CURVE('',#968,#968,#1024,.T.);
#807=EDGE_CURVE('',#969,#969,#1025,.F.);
#808=EDGE_CURVE('',#970,#970,#1026,.T.);
#809=EDGE_CURVE('',#971,#971,#1027,.F.);
#810=EDGE_CURVE('',#972,#972,#1028,.T.);
#811=EDGE_CURVE('',#973,#973,#1029,.F.);
#812=EDGE_CURVE('',#974,#974,#1030,.T.);
#813=EDGE_CURVE('',#975,#975,#1031,.F.);
#814=EDGE_CURVE('',#927,#932,#148,.T.);
#815=EDGE_CURVE('',#929,#933,#149,.T.);
#816=EDGE_CURVE('',#935,#954,#150,.T.);
#817=EDGE_CURVE('',#937,#955,#151,.T.);
#818=EDGE_CURVE('',#957,#962,#152,.T.);
#819=EDGE_CURVE('',#959,#963,#153,.T.);
#820=EDGE_CURVE('',#909,#914,#154,.T.);
#821=EDGE_CURVE('',#911,#915,#155,.T.);
#822=EDGE_CURVE('',#976,#898,#1032,.T.);
#823=EDGE_CURVE('',#897,#977,#1033,.T.);
#824=EDGE_CURVE('',#978,#977,#156,.T.);
#825=EDGE_CURVE('',#978,#979,#1034,.T.);
#826=EDGE_CURVE('',#979,#980,#157,.T.);
#827=EDGE_CURVE('',#980,#981,#1035,.T.);
#828=EDGE_CURVE('',#981,#976,#158,.T.);
#829=EDGE_CURVE('',#895,#977,#159,.T.);
#830=EDGE_CURVE('',#894,#978,#160,.T.);
#831=EDGE_CURVE('',#893,#979,#161,.T.);
#832=EDGE_CURVE('',#892,#980,#162,.T.);
#833=EDGE_CURVE('',#891,#981,#163,.T.);
#834=EDGE_CURVE('',#890,#976,#164,.T.);
#835=EDGE_CURVE('',#982,#983,#165,.T.);
#836=EDGE_CURVE('',#907,#982,#1036,.T.);
#837=EDGE_CURVE('',#984,#906,#1037,.T.);
#838=EDGE_CURVE('',#984,#985,#166,.T.);
#839=EDGE_CURVE('',#986,#985,#1038,.T.);
#840=EDGE_CURVE('',#986,#987,#167,.T.);
#841=EDGE_CURVE('',#983,#987,#1039,.T.);
#842=EDGE_CURVE('',#880,#982,#168,.T.);
#843=EDGE_CURVE('',#885,#984,#169,.T.);
#844=EDGE_CURVE('',#884,#985,#170,.T.);
#845=EDGE_CURVE('',#883,#986,#171,.T.);
#846=EDGE_CURVE('',#882,#987,#172,.T.);
#847=EDGE_CURVE('',#881,#983,#173,.T.);
#848=EDGE_CURVE('',#988,#988,#1040,.T.);
#849=EDGE_CURVE('',#989,#989,#1041,.T.);
#850=EDGE_CURVE('',#990,#990,#1042,.T.);
#851=EDGE_CURVE('',#991,#991,#1043,.T.);
#852=EDGE_CURVE('',#992,#992,#1044,.T.);
#853=EDGE_CURVE('',#993,#993,#1045,.T.);
#854=EDGE_CURVE('',#902,#896,#174,.T.);
#855=EDGE_CURVE('',#903,#901,#175,.T.);
#856=EDGE_CURVE('',#904,#900,#176,.T.);
#857=EDGE_CURVE('',#905,#899,#177,.T.);
#858=EDGE_CURVE('',#994,#994,#1046,.F.);
#859=EDGE_CURVE('',#995,#995,#1047,.T.);
#860=EDGE_CURVE('',#996,#996,#1048,.F.);
#861=EDGE_CURVE('',#997,#997,#1049,.T.);
#862=EDGE_CURVE('',#998,#998,#1050,.F.);
#863=EDGE_CURVE('',#999,#999,#1051,.T.);
#864=EDGE_CURVE('',#1000,#1000,#1052,.F.);
#865=EDGE_CURVE('',#1001,#1001,#1053,.T.);
#866=EDGE_CURVE('',#1002,#1002,#1054,.F.);
#867=EDGE_CURVE('',#1003,#1003,#1055,.T.);
#868=EDGE_CURVE('',#1004,#1004,#1056,.F.);
#869=EDGE_CURVE('',#1005,#1005,#1057,.T.);
#870=VERTEX_POINT('',#2109);
#871=VERTEX_POINT('',#2111);
#872=VERTEX_POINT('',#2113);
#873=VERTEX_POINT('',#2115);
#874=VERTEX_POINT('',#2117);
#875=VERTEX_POINT('',#2119);
#876=VERTEX_POINT('',#2121);
#877=VERTEX_POINT('',#2122);
#878=VERTEX_POINT('',#2124);
#879=VERTEX_POINT('',#2126);
#880=VERTEX_POINT('',#2128);
#881=VERTEX_POINT('',#2130);
#882=VERTEX_POINT('',#2132);
#883=VERTEX_POINT('',#2134);
#884=VERTEX_POINT('',#2136);
#885=VERTEX_POINT('',#2138);
#886=VERTEX_POINT('',#2140);
#887=VERTEX_POINT('',#2142);
#888=VERTEX_POINT('',#2144);
#889=VERTEX_POINT('',#2146);
#890=VERTEX_POINT('',#2148);
#891=VERTEX_POINT('',#2150);
#892=VERTEX_POINT('',#2152);
#893=VERTEX_POINT('',#2154);
#894=VERTEX_POINT('',#2156);
#895=VERTEX_POINT('',#2158);
#896=VERTEX_POINT('',#2162);
#897=VERTEX_POINT('',#2164);
#898=VERTEX_POINT('',#2166);
#899=VERTEX_POINT('',#2169);
#900=VERTEX_POINT('',#2171);
#901=VERTEX_POINT('',#2173);
#902=VERTEX_POINT('',#2177);
#903=VERTEX_POINT('',#2179);
#904=VERTEX_POINT('',#2181);
#905=VERTEX_POINT('',#2183);
#906=VERTEX_POINT('',#2186);
#907=VERTEX_POINT('',#2188);
#908=VERTEX_POINT('',#2192);
#909=VERTEX_POINT('',#2193);
#910=VERTEX_POINT('',#2195);
#911=VERTEX_POINT('',#2197);
#912=VERTEX_POINT('',#2201);
#913=VERTEX_POINT('',#2203);
#914=VERTEX_POINT('',#2207);
#915=VERTEX_POINT('',#2209);
#916=VERTEX_POINT('',#2213);
#917=VERTEX_POINT('',#2214);
#918=VERTEX_POINT('',#2216);
#919=VERTEX_POINT('',#2218);
#920=VERTEX_POINT('',#2222);
#921=VERTEX_POINT('',#2224);
#922=VERTEX_POINT('',#2228);
#923=VERTEX_POINT('',#2230);
#924=VERTEX_POINT('',#2234);
#925=VERTEX_POINT('',#2236);
#926=VERTEX_POINT('',#2240);
#927=VERTEX_POINT('',#2241);
#928=VERTEX_POINT('',#2243);
#929=VERTEX_POINT('',#2245);
#930=VERTEX_POINT('',#2249);
#931=VERTEX_POINT('',#2251);
#932=VERTEX_POINT('',#2255);
#933=VERTEX_POINT('',#2257);
#934=VERTEX_POINT('',#2261);
#935=VERTEX_POINT('',#2262);
#936=VERTEX_POINT('',#2264);
#937=VERTEX_POINT('',#2266);
#938=VERTEX_POINT('',#2270);
#939=VERTEX_POINT('',#2272);
#940=VERTEX_POINT('',#2276);
#941=VERTEX_POINT('',#2278);
#942=VERTEX_POINT('',#2282);
#943=VERTEX_POINT('',#2284);
#944=VERTEX_POINT('',#2288);
#945=VERTEX_POINT('',#2290);
#946=VERTEX_POINT('',#2294);
#947=VERTEX_POINT('',#2296);
#948=VERTEX_POINT('',#2300);
#949=VERTEX_POINT('',#2302);
#950=VERTEX_POINT('',#2306);
#951=VERTEX_POINT('',#2308);
#952=VERTEX_POINT('',#2312);
#953=VERTEX_POINT('',#2314);
#954=VERTEX_POINT('',#2318);
#955=VERTEX_POINT('',#2320);
#956=VERTEX_POINT('',#2324);
#957=VERTEX_POINT('',#2325);
#958=VERTEX_POINT('',#2327);
#959=VERTEX_POINT('',#2329);
#960=VERTEX_POINT('',#2333);
#961=VERTEX_POINT('',#2335);
#962=VERTEX_POINT('',#2339);
#963=VERTEX_POINT('',#2341);
#964=VERTEX_POINT('',#2348);
#965=VERTEX_POINT('',#2350);
#966=VERTEX_POINT('',#2353);
#967=VERTEX_POINT('',#2355);
#968=VERTEX_POINT('',#2358);
#969=VERTEX_POINT('',#2360);
#970=VERTEX_POINT('',#2363);
#971=VERTEX_POINT('',#2365);
#972=VERTEX_POINT('',#2368);
#973=VERTEX_POINT('',#2370);
#974=VERTEX_POINT('',#2373);
#975=VERTEX_POINT('',#2375);
#976=VERTEX_POINT('',#2390);
#977=VERTEX_POINT('',#2392);
#978=VERTEX_POINT('',#2394);
#979=VERTEX_POINT('',#2396);
#980=VERTEX_POINT('',#2398);
#981=VERTEX_POINT('',#2400);
#982=VERTEX_POINT('',#2428);
#983=VERTEX_POINT('',#2429);
#984=VERTEX_POINT('',#2432);
#985=VERTEX_POINT('',#2434);
#986=VERTEX_POINT('',#2436);
#987=VERTEX_POINT('',#2438);
#988=VERTEX_POINT('',#2455);
#989=VERTEX_POINT('',#2459);
#990=VERTEX_POINT('',#2463);
#991=VERTEX_POINT('',#2467);
#992=VERTEX_POINT('',#2471);
#993=VERTEX_POINT('',#2475);
#994=VERTEX_POINT('',#2488);
#995=VERTEX_POINT('',#2491);
#996=VERTEX_POINT('',#2495);
#997=VERTEX_POINT('',#2498);
#998=VERTEX_POINT('',#2502);
#999=VERTEX_POINT('',#2505);
#1000=VERTEX_POINT('',#2509);
#1001=VERTEX_POINT('',#2512);
#1002=VERTEX_POINT('',#2516);
#1003=VERTEX_POINT('',#2519);
#1004=VERTEX_POINT('',#2523);
#1005=VERTEX_POINT('',#2526);
#1006=CIRCLE('',#1518,0.00235);
#1007=CIRCLE('',#1519,0.00235);
#1008=CIRCLE('',#1520,0.00235);
#1009=CIRCLE('',#1521,0.00235);
#1010=CIRCLE('',#1522,0.00235);
#1011=CIRCLE('',#1523,0.00235);
#1012=CIRCLE('',#1524,0.005);
#1013=CIRCLE('',#1525,0.005);
#1014=CIRCLE('',#1526,0.005);
#1015=CIRCLE('',#1527,0.005);
#1016=CIRCLE('',#1528,0.005);
#1017=CIRCLE('',#1529,0.005);
#1018=CIRCLE('',#1530,0.005);
#1019=CIRCLE('',#1531,0.005);
#1020=CIRCLE('',#1559,0.00235);
#1021=CIRCLE('',#1560,0.00235);
#1022=CIRCLE('',#1562,0.00235);
#1023=CIRCLE('',#1563,0.00235);
#1024=CIRCLE('',#1565,0.00235);
#1025=CIRCLE('',#1566,0.00235);
#1026=CIRCLE('',#1568,0.00235);
#1027=CIRCLE('',#1569,0.00235);
#1028=CIRCLE('',#1571,0.00235);
#1029=CIRCLE('',#1572,0.00235);
#1030=CIRCLE('',#1574,0.00235);
#1031=CIRCLE('',#1575,0.00235);
#1032=CIRCLE('',#1581,0.005);
#1033=CIRCLE('',#1582,0.005);
#1034=CIRCLE('',#1583,0.005);
#1035=CIRCLE('',#1584,0.005);
#1036=CIRCLE('',#1604,0.005);
#1037=CIRCLE('',#1605,0.005);
#1038=CIRCLE('',#1606,0.005);
#1039=CIRCLE('',#1607,0.005);
#1040=CIRCLE('',#1616,0.00235);
#1041=CIRCLE('',#1619,0.00235);
#1042=CIRCLE('',#1622,0.00235);
#1043=CIRCLE('',#1625,0.00235);
#1044=CIRCLE('',#1628,0.00235);
#1045=CIRCLE('',#1631,0.00235);
#1046=CIRCLE('',#1639,0.00235);
#1047=CIRCLE('',#1641,0.00235);
#1048=CIRCLE('',#1644,0.00235);
#1049=CIRCLE('',#1646,0.00235);
#1050=CIRCLE('',#1649,0.00235);
#1051=CIRCLE('',#1651,0.00235);
#1052=CIRCLE('',#1654,0.00235);
#1053=CIRCLE('',#1656,0.00235);
#1054=CIRCLE('',#1659,0.00235);
#1055=CIRCLE('',#1661,0.00235);
#1056=CIRCLE('',#1664,0.00235);
#1057=CIRCLE('',#1666,0.00235);
#1058=EDGE_LOOP('',(#312));
#1059=EDGE_LOOP('',(#313));
#1060=EDGE_LOOP('',(#314));
#1061=EDGE_LOOP('',(#315));
#1062=EDGE_LOOP('',(#316));
#1063=EDGE_LOOP('',(#317));
#1064=EDGE_LOOP('',(#318,#319,#320,#321,#322,#323,#324,#325,#326,#327,#328,
#329,#330,#331,#332,#333,#334,#335,#336,#337));
#1065=EDGE_LOOP('',(#338,#339,#340,#341,#342,#343,#344,#345,#346,#347));
#1066=EDGE_LOOP('',(#348,#349,#350,#351,#352,#353,#354,#355,#356,#357));
#1067=EDGE_LOOP('',(#358,#359,#360,#361));
#1068=EDGE_LOOP('',(#362,#363,#364,#365));
#1069=EDGE_LOOP('',(#366,#367,#368,#369));
#1070=EDGE_LOOP('',(#370,#371,#372,#373));
#1071=EDGE_LOOP('',(#374,#375,#376,#377));
#1072=EDGE_LOOP('',(#378,#379,#380,#381));
#1073=EDGE_LOOP('',(#382,#383,#384,#385));
#1074=EDGE_LOOP('',(#386,#387,#388,#389));
#1075=EDGE_LOOP('',(#390,#391,#392,#393));
#1076=EDGE_LOOP('',(#394,#395,#396,#397));
#1077=EDGE_LOOP('',(#398,#399,#400,#401));
#1078=EDGE_LOOP('',(#402,#403,#404,#405));
#1079=EDGE_LOOP('',(#406,#407,#408,#409));
#1080=EDGE_LOOP('',(#410,#411,#412,#413));
#1081=EDGE_LOOP('',(#414,#415,#416,#417));
#1082=EDGE_LOOP('',(#418,#419,#420,#421));
#1083=EDGE_LOOP('',(#422,#423,#424,#425));
#1084=EDGE_LOOP('',(#426,#427,#428,#429));
#1085=EDGE_LOOP('',(#430,#431,#432,#433));
#1086=EDGE_LOOP('',(#434,#435,#436,#437));
#1087=EDGE_LOOP('',(#438,#439,#440,#441));
#1088=EDGE_LOOP('',(#442,#443,#444,#445));
#1089=EDGE_LOOP('',(#446,#447,#448,#449));
#1090=EDGE_LOOP('',(#450,#451,#452,#453));
#1091=EDGE_LOOP('',(#454));
#1092=EDGE_LOOP('',(#455));
#1093=EDGE_LOOP('',(#456));
#1094=EDGE_LOOP('',(#457));
#1095=EDGE_LOOP('',(#458));
#1096=EDGE_LOOP('',(#459));
#1097=EDGE_LOOP('',(#460));
#1098=EDGE_LOOP('',(#461));
#1099=EDGE_LOOP('',(#462));
#1100=EDGE_LOOP('',(#463));
#1101=EDGE_LOOP('',(#464));
#1102=EDGE_LOOP('',(#465));
#1103=EDGE_LOOP('',(#466,#467,#468,#469));
#1104=EDGE_LOOP('',(#470,#471,#472,#473));
#1105=EDGE_LOOP('',(#474,#475,#476,#477));
#1106=EDGE_LOOP('',(#478,#479,#480,#481));
#1107=EDGE_LOOP('',(#482,#483,#484,#485,#486,#487,#488,#489));
#1108=EDGE_LOOP('',(#490,#491,#492,#493));
#1109=EDGE_LOOP('',(#494,#495,#496,#497,#498,#499,#500,#501,#502,#503,#504));
#1110=EDGE_LOOP('',(#505,#506,#507,#508));
#1111=EDGE_LOOP('',(#509));
#1112=EDGE_LOOP('',(#510));
#1113=EDGE_LOOP('',(#511));
#1114=EDGE_LOOP('',(#512));
#1115=EDGE_LOOP('',(#513));
#1116=EDGE_LOOP('',(#514));
#1117=EDGE_LOOP('',(#515,#516,#517,#518,#519));
#1118=EDGE_LOOP('',(#520,#521,#522,#523));
#1119=EDGE_LOOP('',(#524,#525,#526,#527));
#1120=EDGE_LOOP('',(#528,#529,#530,#531));
#1121=EDGE_LOOP('',(#532,#533,#534,#535,#536,#537,#538,#539,#540,#541,#542));
#1122=EDGE_LOOP('',(#543,#544,#545,#546));
#1123=EDGE_LOOP('',(#547));
#1124=EDGE_LOOP('',(#548));
#1125=EDGE_LOOP('',(#549));
#1126=EDGE_LOOP('',(#550));
#1127=EDGE_LOOP('',(#551));
#1128=EDGE_LOOP('',(#552));
#1129=EDGE_LOOP('',(#553,#554,#555,#556,#557));
#1130=EDGE_LOOP('',(#558,#559,#560,#561));
#1131=EDGE_LOOP('',(#562,#563,#564,#565));
#1132=EDGE_LOOP('',(#566,#567,#568,#569));
#1133=EDGE_LOOP('',(#570,#571,#572,#573));
#1134=EDGE_LOOP('',(#574,#575,#576,#577));
#1135=EDGE_LOOP('',(#578,#579,#580,#581));
#1136=EDGE_LOOP('',(#582,#583,#584,#585));
#1137=EDGE_LOOP('',(#586,#587,#588,#589,#590,#591,#592,#593));
#1138=EDGE_LOOP('',(#594,#595,#596,#597));
#1139=EDGE_LOOP('',(#598,#599,#600,#601));
#1140=EDGE_LOOP('',(#602,#603,#604,#605));
#1141=EDGE_LOOP('',(#606,#607,#608,#609));
#1142=EDGE_LOOP('',(#610,#611,#612,#613));
#1143=EDGE_LOOP('',(#614,#615,#616,#617));
#1144=EDGE_LOOP('',(#618,#619,#620,#621));
#1145=EDGE_LOOP('',(#622));
#1146=EDGE_LOOP('',(#623));
#1147=EDGE_LOOP('',(#624));
#1148=EDGE_LOOP('',(#625));
#1149=EDGE_LOOP('',(#626));
#1150=EDGE_LOOP('',(#627));
#1151=EDGE_LOOP('',(#628));
#1152=EDGE_LOOP('',(#629));
#1153=EDGE_LOOP('',(#630));
#1154=EDGE_LOOP('',(#631));
#1155=EDGE_LOOP('',(#632));
#1156=EDGE_LOOP('',(#633));
#1157=EDGE_LOOP('',(#634));
#1158=EDGE_LOOP('',(#635));
#1159=EDGE_LOOP('',(#636));
#1160=EDGE_LOOP('',(#637));
#1161=EDGE_LOOP('',(#638));
#1162=EDGE_LOOP('',(#639));
#1163=EDGE_LOOP('',(#640,#641,#642,#643));
#1164=EDGE_LOOP('',(#644,#645,#646,#647));
#1165=EDGE_LOOP('',(#648,#649,#650,#651));
#1166=EDGE_LOOP('',(#652,#653,#654,#655));
#1167=EDGE_LOOP('',(#656,#657,#658,#659));
#1168=EDGE_LOOP('',(#660));
#1169=EDGE_LOOP('',(#661));
#1170=EDGE_LOOP('',(#662));
#1171=EDGE_LOOP('',(#663));
#1172=EDGE_LOOP('',(#664));
#1173=EDGE_LOOP('',(#665));
#1174=EDGE_LOOP('',(#666));
#1175=EDGE_LOOP('',(#667));
#1176=EDGE_LOOP('',(#668));
#1177=EDGE_LOOP('',(#669));
#1178=EDGE_LOOP('',(#670));
#1179=EDGE_LOOP('',(#671));
#1180=EDGE_LOOP('',(#672));
#1181=EDGE_LOOP('',(#673));
#1182=EDGE_LOOP('',(#674));
#1183=EDGE_LOOP('',(#675));
#1184=EDGE_LOOP('',(#676));
#1185=EDGE_LOOP('',(#677));
#1186=EDGE_LOOP('',(#678));
#1187=EDGE_LOOP('',(#679));
#1188=EDGE_LOOP('',(#680));
#1189=EDGE_LOOP('',(#681));
#1190=EDGE_LOOP('',(#682));
#1191=EDGE_LOOP('',(#683));
#1192=FACE_BOUND('',#1058,.T.);
#1193=FACE_BOUND('',#1059,.T.);
#1194=FACE_BOUND('',#1060,.T.);
#1195=FACE_BOUND('',#1061,.T.);
#1196=FACE_BOUND('',#1062,.T.);
#1197=FACE_BOUND('',#1063,.T.);
#1198=FACE_BOUND('',#1064,.T.);
#1199=FACE_BOUND('',#1065,.T.);
#1200=FACE_BOUND('',#1066,.T.);
#1201=FACE_BOUND('',#1067,.T.);
#1202=FACE_BOUND('',#1068,.T.);
#1203=FACE_BOUND('',#1069,.T.);
#1204=FACE_BOUND('',#1070,.T.);
#1205=FACE_BOUND('',#1071,.T.);
#1206=FACE_BOUND('',#1072,.T.);
#1207=FACE_BOUND('',#1073,.T.);
#1208=FACE_BOUND('',#1074,.T.);
#1209=FACE_BOUND('',#1075,.T.);
#1210=FACE_BOUND('',#1076,.T.);
#1211=FACE_BOUND('',#1077,.T.);
#1212=FACE_BOUND('',#1078,.T.);
#1213=FACE_BOUND('',#1079,.T.);
#1214=FACE_BOUND('',#1080,.T.);
#1215=FACE_BOUND('',#1081,.T.);
#1216=FACE_BOUND('',#1082,.T.);
#1217=FACE_BOUND('',#1083,.T.);
#1218=FACE_BOUND('',#1084,.T.);
#1219=FACE_BOUND('',#1085,.T.);
#1220=FACE_BOUND('',#1086,.T.);
#1221=FACE_BOUND('',#1087,.T.);
#1222=FACE_BOUND('',#1088,.T.);
#1223=FACE_BOUND('',#1089,.T.);
#1224=FACE_BOUND('',#1090,.T.);
#1225=FACE_BOUND('',#1091,.T.);
#1226=FACE_BOUND('',#1092,.T.);
#1227=FACE_BOUND('',#1093,.T.);
#1228=FACE_BOUND('',#1094,.T.);
#1229=FACE_BOUND('',#1095,.T.);
#1230=FACE_BOUND('',#1096,.T.);
#1231=FACE_BOUND('',#1097,.T.);
#1232=FACE_BOUND('',#1098,.T.);
#1233=FACE_BOUND('',#1099,.T.);
#1234=FACE_BOUND('',#1100,.T.);
#1235=FACE_BOUND('',#1101,.T.);
#1236=FACE_BOUND('',#1102,.T.);
#1237=FACE_BOUND('',#1103,.T.);
#1238=FACE_BOUND('',#1104,.T.);
#1239=FACE_BOUND('',#1105,.T.);
#1240=FACE_BOUND('',#1106,.T.);
#1241=FACE_BOUND('',#1107,.T.);
#1242=FACE_BOUND('',#1108,.T.);
#1243=FACE_BOUND('',#1109,.T.);
#1244=FACE_BOUND('',#1110,.T.);
#1245=FACE_BOUND('',#1111,.T.);
#1246=FACE_BOUND('',#1112,.T.);
#1247=FACE_BOUND('',#1113,.T.);
#1248=FACE_BOUND('',#1114,.T.);
#1249=FACE_BOUND('',#1115,.T.);
#1250=FACE_BOUND('',#1116,.T.);
#1251=FACE_BOUND('',#1117,.T.);
#1252=FACE_BOUND('',#1118,.T.);
#1253=FACE_BOUND('',#1119,.T.);
#1254=FACE_BOUND('',#1120,.T.);
#1255=FACE_BOUND('',#1121,.T.);
#1256=FACE_BOUND('',#1122,.T.);
#1257=FACE_BOUND('',#1123,.T.);
#1258=FACE_BOUND('',#1124,.T.);
#1259=FACE_BOUND('',#1125,.T.);
#1260=FACE_BOUND('',#1126,.T.);
#1261=FACE_BOUND('',#1127,.T.);
#1262=FACE_BOUND('',#1128,.T.);
#1263=FACE_BOUND('',#1129,.T.);
#1264=FACE_BOUND('',#1130,.T.);
#1265=FACE_BOUND('',#1131,.T.);
#1266=FACE_BOUND('',#1132,.T.);
#1267=FACE_BOUND('',#1133,.T.);
#1268=FACE_BOUND('',#1134,.T.);
#1269=FACE_BOUND('',#1135,.T.);
#1270=FACE_BOUND('',#1136,.T.);
#1271=FACE_BOUND('',#1137,.T.);
#1272=FACE_BOUND('',#1138,.T.);
#1273=FACE_BOUND('',#1139,.T.);
#1274=FACE_BOUND('',#1140,.T.);
#1275=FACE_BOUND('',#1141,.T.);
#1276=FACE_BOUND('',#1142,.T.);
#1277=FACE_BOUND('',#1143,.T.);
#1278=FACE_BOUND('',#1144,.T.);
#1279=FACE_BOUND('',#1145,.T.);
#1280=FACE_BOUND('',#1146,.T.);
#1281=FACE_BOUND('',#1147,.T.);
#1282=FACE_BOUND('',#1148,.T.);
#1283=FACE_BOUND('',#1149,.T.);
#1284=FACE_BOUND('',#1150,.T.);
#1285=FACE_BOUND('',#1151,.T.);
#1286=FACE_BOUND('',#1152,.T.);
#1287=FACE_BOUND('',#1153,.T.);
#1288=FACE_BOUND('',#1154,.T.);
#1289=FACE_BOUND('',#1155,.T.);
#1290=FACE_BOUND('',#1156,.T.);
#1291=FACE_BOUND('',#1157,.T.);
#1292=FACE_BOUND('',#1158,.T.);
#1293=FACE_BOUND('',#1159,.T.);
#1294=FACE_BOUND('',#1160,.T.);
#1295=FACE_BOUND('',#1161,.T.);
#1296=FACE_BOUND('',#1162,.T.);
#1297=FACE_BOUND('',#1163,.T.);
#1298=FACE_BOUND('',#1164,.T.);
#1299=FACE_BOUND('',#1165,.T.);
#1300=FACE_BOUND('',#1166,.T.);
#1301=FACE_BOUND('',#1167,.T.);
#1302=FACE_BOUND('',#1168,.T.);
#1303=FACE_BOUND('',#1169,.T.);
#1304=FACE_BOUND('',#1170,.T.);
#1305=FACE_BOUND('',#1171,.T.);
#1306=FACE_BOUND('',#1172,.T.);
#1307=FACE_BOUND('',#1173,.T.);
#1308=FACE_BOUND('',#1174,.T.);
#1309=FACE_BOUND('',#1175,.T.);
#1310=FACE_BOUND('',#1176,.T.);
#1311=FACE_BOUND('',#1177,.T.);
#1312=FACE_BOUND('',#1178,.T.);
#1313=FACE_BOUND('',#1179,.T.);
#1314=FACE_BOUND('',#1180,.T.);
#1315=FACE_BOUND('',#1181,.T.);
#1316=FACE_BOUND('',#1182,.T.);
#1317=FACE_BOUND('',#1183,.T.);
#1318=FACE_BOUND('',#1184,.T.);
#1319=FACE_BOUND('',#1185,.T.);
#1320=FACE_BOUND('',#1186,.T.);
#1321=FACE_BOUND('',#1187,.T.);
#1322=FACE_BOUND('',#1188,.T.);
#1323=FACE_BOUND('',#1189,.T.);
#1324=FACE_BOUND('',#1190,.T.);
#1325=FACE_BOUND('',#1191,.T.);
#1326=PLANE('',#1517);
#1327=PLANE('',#1532);
#1328=PLANE('',#1533);
#1329=PLANE('',#1534);
#1330=PLANE('',#1535);
#1331=PLANE('',#1536);
#1332=PLANE('',#1537);
#1333=PLANE('',#1538);
#1334=PLANE('',#1539);
#1335=PLANE('',#1540);
#1336=PLANE('',#1541);
#1337=PLANE('',#1542);
#1338=PLANE('',#1543);
#1339=PLANE('',#1544);
#1340=PLANE('',#1545);
#1341=PLANE('',#1546);
#1342=PLANE('',#1547);
#1343=PLANE('',#1548);
#1344=PLANE('',#1549);
#1345=PLANE('',#1550);
#1346=PLANE('',#1551);
#1347=PLANE('',#1552);
#1348=PLANE('',#1553);
#1349=PLANE('',#1554);
#1350=PLANE('',#1555);
#1351=PLANE('',#1556);
#1352=PLANE('',#1557);
#1353=PLANE('',#1576);
#1354=PLANE('',#1577);
#1355=PLANE('',#1578);
#1356=PLANE('',#1579);
#1357=PLANE('',#1580);
#1358=PLANE('',#1585);
#1359=PLANE('',#1586);
#1360=PLANE('',#1587);
#1361=PLANE('',#1588);
#1362=PLANE('',#1589);
#1363=PLANE('',#1590);
#1364=PLANE('',#1591);
#1365=PLANE('',#1592);
#1366=PLANE('',#1593);
#1367=PLANE('',#1594);
#1368=PLANE('',#1595);
#1369=PLANE('',#1597);
#1370=PLANE('',#1599);
#1371=PLANE('',#1601);
#1372=PLANE('',#1603);
#1373=PLANE('',#1610);
#1374=PLANE('',#1612);
#1375=PLANE('',#1614);
#1376=PLANE('',#1617);
#1377=PLANE('',#1620);
#1378=PLANE('',#1623);
#1379=PLANE('',#1626);
#1380=PLANE('',#1629);
#1381=PLANE('',#1632);
#1382=PLANE('',#1633);
#1383=PLANE('',#1634);
#1384=PLANE('',#1635);
#1385=PLANE('',#1636);
#1386=PLANE('',#1637);
#1387=PLANE('',#1638);
#1388=PLANE('',#1642);
#1389=PLANE('',#1643);
#1390=PLANE('',#1647);
#1391=PLANE('',#1648);
#1392=PLANE('',#1652);
#1393=PLANE('',#1653);
#1394=PLANE('',#1657);
#1395=PLANE('',#1658);
#1396=PLANE('',#1662);
#1397=PLANE('',#1663);
#1398=PLANE('',#1667);
#1399=ADVANCED_FACE('',(#1192,#1193,#1194,#1195,#1196,#1197,#1198),#1326,
 .T.);
#1400=ADVANCED_FACE('',(#1199),#1327,.F.);
#1401=ADVANCED_FACE('',(#1200),#1328,.F.);
#1402=ADVANCED_FACE('',(#1201),#1329,.T.);
#1403=ADVANCED_FACE('',(#1202),#1330,.F.);
#1404=ADVANCED_FACE('',(#1203),#1331,.F.);
#1405=ADVANCED_FACE('',(#1204),#1332,.T.);
#1406=ADVANCED_FACE('',(#1205),#1333,.T.);
#1407=ADVANCED_FACE('',(#1206),#1334,.T.);
#1408=ADVANCED_FACE('',(#1207),#1335,.F.);
#1409=ADVANCED_FACE('',(#1208),#1336,.T.);
#1410=ADVANCED_FACE('',(#1209),#1337,.F.);
#1411=ADVANCED_FACE('',(#1210),#1338,.F.);
#1412=ADVANCED_FACE('',(#1211),#1339,.T.);
#1413=ADVANCED_FACE('',(#1212),#1340,.F.);
#1414=ADVANCED_FACE('',(#1213),#1341,.T.);
#1415=ADVANCED_FACE('',(#1214),#1342,.T.);
#1416=ADVANCED_FACE('',(#1215),#1343,.T.);
#1417=ADVANCED_FACE('',(#1216),#1344,.F.);
#1418=ADVANCED_FACE('',(#1217),#1345,.T.);
#1419=ADVANCED_FACE('',(#1218),#1346,.F.);
#1420=ADVANCED_FACE('',(#1219),#1347,.F.);
#1421=ADVANCED_FACE('',(#1220),#1348,.T.);
#1422=ADVANCED_FACE('',(#1221),#1349,.T.);
#1423=ADVANCED_FACE('',(#1222),#1350,.F.);
#1424=ADVANCED_FACE('',(#1223),#1351,.F.);
#1425=ADVANCED_FACE('',(#1224),#1352,.F.);
#1426=ADVANCED_FACE('',(#1225,#1226),#18,.F.);
#1427=ADVANCED_FACE('',(#1227,#1228),#19,.F.);
#1428=ADVANCED_FACE('',(#1229,#1230),#20,.F.);
#1429=ADVANCED_FACE('',(#1231,#1232),#21,.F.);
#1430=ADVANCED_FACE('',(#1233,#1234),#22,.F.);
#1431=ADVANCED_FACE('',(#1235,#1236),#23,.F.);
#1432=ADVANCED_FACE('',(#1237),#1353,.T.);
#1433=ADVANCED_FACE('',(#1238),#1354,.T.);
#1434=ADVANCED_FACE('',(#1239),#1355,.T.);
#1435=ADVANCED_FACE('',(#1240),#1356,.T.);
#1436=ADVANCED_FACE('',(#1241,#1242,#1243,#1244,#1245,#1246,#1247,#1248,
#1249,#1250,#1251,#1252),#1357,.T.);
#1437=ADVANCED_FACE('',(#1253),#1358,.T.);
#1438=ADVANCED_FACE('',(#1254),#1359,.T.);
#1439=ADVANCED_FACE('',(#1255),#1360,.T.);
#1440=ADVANCED_FACE('',(#1256),#1361,.T.);
#1441=ADVANCED_FACE('',(#1257),#1362,.T.);
#1442=ADVANCED_FACE('',(#1258),#1363,.T.);
#1443=ADVANCED_FACE('',(#1259),#1364,.T.);
#1444=ADVANCED_FACE('',(#1260),#1365,.T.);
#1445=ADVANCED_FACE('',(#1261),#1366,.T.);
#1446=ADVANCED_FACE('',(#1262),#1367,.T.);
#1447=ADVANCED_FACE('',(#1263),#1368,.T.);
#1448=ADVANCED_FACE('',(#1264),#24,.F.);
#1449=ADVANCED_FACE('',(#1265),#1369,.F.);
#1450=ADVANCED_FACE('',(#1266),#25,.F.);
#1451=ADVANCED_FACE('',(#1267),#1370,.T.);
#1452=ADVANCED_FACE('',(#1268),#26,.F.);
#1453=ADVANCED_FACE('',(#1269),#1371,.T.);
#1454=ADVANCED_FACE('',(#1270),#27,.F.);
#1455=ADVANCED_FACE('',(#1271),#1372,.F.);
#1456=ADVANCED_FACE('',(#1272),#28,.T.);
#1457=ADVANCED_FACE('',(#1273),#29,.T.);
#1458=ADVANCED_FACE('',(#1274),#1373,.T.);
#1459=ADVANCED_FACE('',(#1275),#30,.T.);
#1460=ADVANCED_FACE('',(#1276),#1374,.T.);
#1461=ADVANCED_FACE('',(#1277),#31,.T.);
#1462=ADVANCED_FACE('',(#1278),#1375,.F.);
#1463=ADVANCED_FACE('',(#1279,#1280),#32,.F.);
#1464=ADVANCED_FACE('',(#1281),#1376,.T.);
#1465=ADVANCED_FACE('',(#1282,#1283),#33,.F.);
#1466=ADVANCED_FACE('',(#1284),#1377,.T.);
#1467=ADVANCED_FACE('',(#1285,#1286),#34,.F.);
#1468=ADVANCED_FACE('',(#1287),#1378,.T.);
#1469=ADVANCED_FACE('',(#1288,#1289),#35,.F.);
#1470=ADVANCED_FACE('',(#1290),#1379,.T.);
#1471=ADVANCED_FACE('',(#1291,#1292),#36,.F.);
#1472=ADVANCED_FACE('',(#1293),#1380,.T.);
#1473=ADVANCED_FACE('',(#1294,#1295),#37,.F.);
#1474=ADVANCED_FACE('',(#1296),#1381,.T.);
#1475=ADVANCED_FACE('',(#1297),#1382,.T.);
#1476=ADVANCED_FACE('',(#1298),#1383,.T.);
#1477=ADVANCED_FACE('',(#1299),#1384,.T.);
#1478=ADVANCED_FACE('',(#1300),#1385,.F.);
#1479=ADVANCED_FACE('',(#1301),#1386,.F.);
#1480=ADVANCED_FACE('',(#1302),#1387,.T.);
#1481=ADVANCED_FACE('',(#1303,#1304),#38,.F.);
#1482=ADVANCED_FACE('',(#1305),#1388,.F.);
#1483=ADVANCED_FACE('',(#1306),#1389,.T.);
#1484=ADVANCED_FACE('',(#1307,#1308),#39,.F.);
#1485=ADVANCED_FACE('',(#1309),#1390,.F.);
#1486=ADVANCED_FACE('',(#1310),#1391,.T.);
#1487=ADVANCED_FACE('',(#1311,#1312),#40,.F.);
#1488=ADVANCED_FACE('',(#1313),#1392,.F.);
#1489=ADVANCED_FACE('',(#1314),#1393,.T.);
#1490=ADVANCED_FACE('',(#1315,#1316),#41,.F.);
#1491=ADVANCED_FACE('',(#1317),#1394,.F.);
#1492=ADVANCED_FACE('',(#1318),#1395,.T.);
#1493=ADVANCED_FACE('',(#1319,#1320),#42,.F.);
#1494=ADVANCED_FACE('',(#1321),#1396,.F.);
#1495=ADVANCED_FACE('',(#1322),#1397,.T.);
#1496=ADVANCED_FACE('',(#1323,#1324),#43,.F.);
#1497=ADVANCED_FACE('',(#1325),#1398,.F.);
#1498=CLOSED_SHELL('',(#1399,#1400,#1401,#1402,#1403,#1404,#1405,#1406,
#1407,#1408,#1409,#1410,#1411,#1412,#1413,#1414,#1415,#1416,#1417,#1418,
#1419,#1420,#1421,#1422,#1423,#1424,#1425,#1426,#1427,#1428,#1429,#1430,
#1431,#1432,#1433,#1434,#1435,#1436,#1437,#1438,#1439,#1440,#1441,#1442,
#1443,#1444,#1445,#1446,#1447,#1448,#1449,#1450,#1451,#1452,#1453,#1454,
#1455,#1456,#1457,#1458,#1459,#1460,#1461,#1462,#1463,#1464,#1465,#1466,
#1467,#1468,#1469,#1470,#1471,#1472,#1473,#1474,#1475,#1476,#1477,#1478,
#1479));
#1499=CLOSED_SHELL('',(#1480,#1481,#1482));
#1500=CLOSED_SHELL('',(#1483,#1484,#1485));
#1501=CLOSED_SHELL('',(#1486,#1487,#1488));
#1502=CLOSED_SHELL('',(#1489,#1490,#1491));
#1503=CLOSED_SHELL('',(#1492,#1493,#1494));
#1504=CLOSED_SHELL('',(#1495,#1496,#1497));
#1505=STYLED_ITEM('',(#1506),#1513);
#1506=PRESENTATION_STYLE_ASSIGNMENT((#1507));
#1507=SURFACE_STYLE_USAGE(.BOTH.,#1508);
#1508=SURFACE_SIDE_STYLE('',(#1509));
#1509=SURFACE_STYLE_FILL_AREA(#1510);
#1510=FILL_AREA_STYLE('',(#1511));
#1511=FILL_AREA_STYLE_COLOUR('',#1512);
#1512=COLOUR_RGB('',0.615686274509804,0.811764705882353,0.929411764705882);
#1513=BREP_WITH_VOIDS('Part 1',#1498,(#12,#13,#14,#15,#16,#17));
#1514=SHAPE_DEFINITION_REPRESENTATION(#2534,#1515);
#1515=SHAPE_REPRESENTATION('Part 1',(#1516),#2529);
#1516=AXIS2_PLACEMENT_3D('',#2106,#1668,#1669);
#1517=AXIS2_PLACEMENT_3D('',#2107,#1670,#1671);
#1518=AXIS2_PLACEMENT_3D('',#2108,#1672,#1673);
#1519=AXIS2_PLACEMENT_3D('',#2110,#1674,#1675);
#1520=AXIS2_PLACEMENT_3D('',#2112,#1676,#1677);
#1521=AXIS2_PLACEMENT_3D('',#2114,#1678,#1679);
#1522=AXIS2_PLACEMENT_3D('',#2116,#1680,#1681);
#1523=AXIS2_PLACEMENT_3D('',#2118,#1682,#1683);
#1524=AXIS2_PLACEMENT_3D('',#2127,#1687,#1688);
#1525=AXIS2_PLACEMENT_3D('',#2131,#1690,#1691);
#1526=AXIS2_PLACEMENT_3D('',#2135,#1693,#1694);
#1527=AXIS2_PLACEMENT_3D('',#2139,#1696,#1697);
#1528=AXIS2_PLACEMENT_3D('',#2147,#1701,#1702);
#1529=AXIS2_PLACEMENT_3D('',#2151,#1704,#1705);
#1530=AXIS2_PLACEMENT_3D('',#2155,#1707,#1708);
#1531=AXIS2_PLACEMENT_3D('',#2159,#1710,#1711);
#1532=AXIS2_PLACEMENT_3D('',#2160,#1712,#1713);
#1533=AXIS2_PLACEMENT_3D('',#2175,#1722,#1723);
#1534=AXIS2_PLACEMENT_3D('',#2190,#1732,#1733);
#1535=AXIS2_PLACEMENT_3D('',#2199,#1738,#1739);
#1536=AXIS2_PLACEMENT_3D('',#2205,#1743,#1744);
#1537=AXIS2_PLACEMENT_3D('',#2211,#1748,#1749);
#1538=AXIS2_PLACEMENT_3D('',#2220,#1754,#1755);
#1539=AXIS2_PLACEMENT_3D('',#2226,#1759,#1760);
#1540=AXIS2_PLACEMENT_3D('',#2232,#1764,#1765);
#1541=AXIS2_PLACEMENT_3D('',#2238,#1769,#1770);
#1542=AXIS2_PLACEMENT_3D('',#2247,#1775,#1776);
#1543=AXIS2_PLACEMENT_3D('',#2253,#1780,#1781);
#1544=AXIS2_PLACEMENT_3D('',#2259,#1785,#1786);
#1545=AXIS2_PLACEMENT_3D('',#2268,#1791,#1792);
#1546=AXIS2_PLACEMENT_3D('',#2274,#1796,#1797);
#1547=AXIS2_PLACEMENT_3D('',#2280,#1801,#1802);
#1548=AXIS2_PLACEMENT_3D('',#2286,#1806,#1807);
#1549=AXIS2_PLACEMENT_3D('',#2292,#1811,#1812);
#1550=AXIS2_PLACEMENT_3D('',#2298,#1816,#1817);
#1551=AXIS2_PLACEMENT_3D('',#2304,#1821,#1822);
#1552=AXIS2_PLACEMENT_3D('',#2310,#1826,#1827);
#1553=AXIS2_PLACEMENT_3D('',#2316,#1831,#1832);
#1554=AXIS2_PLACEMENT_3D('',#2322,#1836,#1837);
#1555=AXIS2_PLACEMENT_3D('',#2331,#1842,#1843);
#1556=AXIS2_PLACEMENT_3D('',#2337,#1847,#1848);
#1557=AXIS2_PLACEMENT_3D('',#2343,#1852,#1853);
#1558=AXIS2_PLACEMENT_3D('',#2346,#1856,#1857);
#1559=AXIS2_PLACEMENT_3D('',#2347,#1858,#1859);
#1560=AXIS2_PLACEMENT_3D('',#2349,#1860,#1861);
#1561=AXIS2_PLACEMENT_3D('',#2351,#1862,#1863);
#1562=AXIS2_PLACEMENT_3D('',#2352,#1864,#1865);
#1563=AXIS2_PLACEMENT_3D('',#2354,#1866,#1867);
#1564=AXIS2_PLACEMENT_3D('',#2356,#1868,#1869);
#1565=AXIS2_PLACEMENT_3D('',#2357,#1870,#1871);
#1566=AXIS2_PLACEMENT_3D('',#2359,#1872,#1873);
#1567=AXIS2_PLACEMENT_3D('',#2361,#1874,#1875);
#1568=AXIS2_PLACEMENT_3D('',#2362,#1876,#1877);
#1569=AXIS2_PLACEMENT_3D('',#2364,#1878,#1879);
#1570=AXIS2_PLACEMENT_3D('',#2366,#1880,#1881);
#1571=AXIS2_PLACEMENT_3D('',#2367,#1882,#1883);
#1572=AXIS2_PLACEMENT_3D('',#2369,#1884,#1885);
#1573=AXIS2_PLACEMENT_3D('',#2371,#1886,#1887);
#1574=AXIS2_PLACEMENT_3D('',#2372,#1888,#1889);
#1575=AXIS2_PLACEMENT_3D('',#2374,#1890,#1891);
#1576=AXIS2_PLACEMENT_3D('',#2376,#1892,#1893);
#1577=AXIS2_PLACEMENT_3D('',#2379,#1896,#1897);
#1578=AXIS2_PLACEMENT_3D('',#2382,#1900,#1901);
#1579=AXIS2_PLACEMENT_3D('',#2385,#1904,#1905);
#1580=AXIS2_PLACEMENT_3D('',#2388,#1908,#1909);
#1581=AXIS2_PLACEMENT_3D('',#2389,#1910,#1911);
#1582=AXIS2_PLACEMENT_3D('',#2391,#1912,#1913);
#1583=AXIS2_PLACEMENT_3D('',#2395,#1915,#1916);
#1584=AXIS2_PLACEMENT_3D('',#2399,#1918,#1919);
#1585=AXIS2_PLACEMENT_3D('',#2402,#1921,#1922);
#1586=AXIS2_PLACEMENT_3D('',#2403,#1923,#1924);
#1587=AXIS2_PLACEMENT_3D('',#2404,#1925,#1926);
#1588=AXIS2_PLACEMENT_3D('',#2405,#1927,#1928);
#1589=AXIS2_PLACEMENT_3D('',#2406,#1929,#1930);
#1590=AXIS2_PLACEMENT_3D('',#2407,#1931,#1932);
#1591=AXIS2_PLACEMENT_3D('',#2408,#1933,#1934);
#1592=AXIS2_PLACEMENT_3D('',#2409,#1935,#1936);
#1593=AXIS2_PLACEMENT_3D('',#2410,#1937,#1938);
#1594=AXIS2_PLACEMENT_3D('',#2411,#1939,#1940);
#1595=AXIS2_PLACEMENT_3D('',#2412,#1941,#1942);
#1596=AXIS2_PLACEMENT_3D('',#2413,#1943,#1944);
#1597=AXIS2_PLACEMENT_3D('',#2415,#1946,#1947);
#1598=AXIS2_PLACEMENT_3D('',#2417,#1949,#1950);
#1599=AXIS2_PLACEMENT_3D('',#2419,#1952,#1953);
#1600=AXIS2_PLACEMENT_3D('',#2421,#1955,#1956);
#1601=AXIS2_PLACEMENT_3D('',#2423,#1958,#1959);
#1602=AXIS2_PLACEMENT_3D('',#2425,#1961,#1962);
#1603=AXIS2_PLACEMENT_3D('',#2426,#1963,#1964);
#1604=AXIS2_PLACEMENT_3D('',#2430,#1966,#1967);
#1605=AXIS2_PLACEMENT_3D('',#2431,#1968,#1969);
#1606=AXIS2_PLACEMENT_3D('',#2435,#1971,#1972);
#1607=AXIS2_PLACEMENT_3D('',#2439,#1974,#1975);
#1608=AXIS2_PLACEMENT_3D('',#2440,#1976,#1977);
#1609=AXIS2_PLACEMENT_3D('',#2442,#1979,#1980);
#1610=AXIS2_PLACEMENT_3D('',#2444,#1982,#1983);
#1611=AXIS2_PLACEMENT_3D('',#2446,#1985,#1986);
#1612=AXIS2_PLACEMENT_3D('',#2448,#1988,#1989);
#1613=AXIS2_PLACEMENT_3D('',#2450,#1991,#1992);
#1614=AXIS2_PLACEMENT_3D('',#2452,#1994,#1995);
#1615=AXIS2_PLACEMENT_3D('',#2453,#1996,#1997);
#1616=AXIS2_PLACEMENT_3D('',#2454,#1998,#1999);
#1617=AXIS2_PLACEMENT_3D('',#2456,#2000,#2001);
#1618=AXIS2_PLACEMENT_3D('',#2457,#2002,#2003);
#1619=AXIS2_PLACEMENT_3D('',#2458,#2004,#2005);
#1620=AXIS2_PLACEMENT_3D('',#2460,#2006,#2007);
#1621=AXIS2_PLACEMENT_3D('',#2461,#2008,#2009);
#1622=AXIS2_PLACEMENT_3D('',#2462,#2010,#2011);
#1623=AXIS2_PLACEMENT_3D('',#2464,#2012,#2013);
#1624=AXIS2_PLACEMENT_3D('',#2465,#2014,#2015);
#1625=AXIS2_PLACEMENT_3D('',#2466,#2016,#2017);
#1626=AXIS2_PLACEMENT_3D('',#2468,#2018,#2019);
#1627=AXIS2_PLACEMENT_3D('',#2469,#2020,#2021);
#1628=AXIS2_PLACEMENT_3D('',#2470,#2022,#2023);
#1629=AXIS2_PLACEMENT_3D('',#2472,#2024,#2025);
#1630=AXIS2_PLACEMENT_3D('',#2473,#2026,#2027);
#1631=AXIS2_PLACEMENT_3D('',#2474,#2028,#2029);
#1632=AXIS2_PLACEMENT_3D('',#2476,#2030,#2031);
#1633=AXIS2_PLACEMENT_3D('',#2477,#2032,#2033);
#1634=AXIS2_PLACEMENT_3D('',#2479,#2035,#2036);
#1635=AXIS2_PLACEMENT_3D('',#2481,#2038,#2039);
#1636=AXIS2_PLACEMENT_3D('',#2483,#2041,#2042);
#1637=AXIS2_PLACEMENT_3D('',#2485,#2044,#2045);
#1638=AXIS2_PLACEMENT_3D('',#2486,#2046,#2047);
#1639=AXIS2_PLACEMENT_3D('',#2487,#2048,#2049);
#1640=AXIS2_PLACEMENT_3D('',#2489,#2050,#2051);
#1641=AXIS2_PLACEMENT_3D('',#2490,#2052,#2053);
#1642=AXIS2_PLACEMENT_3D('',#2492,#2054,#2055);
#1643=AXIS2_PLACEMENT_3D('',#2493,#2056,#2057);
#1644=AXIS2_PLACEMENT_3D('',#2494,#2058,#2059);
#1645=AXIS2_PLACEMENT_3D('',#2496,#2060,#2061);
#1646=AXIS2_PLACEMENT_3D('',#2497,#2062,#2063);
#1647=AXIS2_PLACEMENT_3D('',#2499,#2064,#2065);
#1648=AXIS2_PLACEMENT_3D('',#2500,#2066,#2067);
#1649=AXIS2_PLACEMENT_3D('',#2501,#2068,#2069);
#1650=AXIS2_PLACEMENT_3D('',#2503,#2070,#2071);
#1651=AXIS2_PLACEMENT_3D('',#2504,#2072,#2073);
#1652=AXIS2_PLACEMENT_3D('',#2506,#2074,#2075);
#1653=AXIS2_PLACEMENT_3D('',#2507,#2076,#2077);
#1654=AXIS2_PLACEMENT_3D('',#2508,#2078,#2079);
#1655=AXIS2_PLACEMENT_3D('',#2510,#2080,#2081);
#1656=AXIS2_PLACEMENT_3D('',#2511,#2082,#2083);
#1657=AXIS2_PLACEMENT_3D('',#2513,#2084,#2085);
#1658=AXIS2_PLACEMENT_3D('',#2514,#2086,#2087);
#1659=AXIS2_PLACEMENT_3D('',#2515,#2088,#2089);
#1660=AXIS2_PLACEMENT_3D('',#2517,#2090,#2091);
#1661=AXIS2_PLACEMENT_3D('',#2518,#2092,#2093);
#1662=AXIS2_PLACEMENT_3D('',#2520,#2094,#2095);
#1663=AXIS2_PLACEMENT_3D('',#2521,#2096,#2097);
#1664=AXIS2_PLACEMENT_3D('',#2522,#2098,#2099);
#1665=AXIS2_PLACEMENT_3D('',#2524,#2100,#2101);
#1666=AXIS2_PLACEMENT_3D('',#2525,#2102,#2103);
#1667=AXIS2_PLACEMENT_3D('',#2527,#2104,#2105);
#1668=DIRECTION('',(0.,0.,1.));
#1669=DIRECTION('',(1.,0.,0.));
#1670=DIRECTION('',(0.,0.,1.));
#1671=DIRECTION('',(1.,0.,0.));
#1672=DIRECTION('',(0.,0.,1.));
#1673=DIRECTION('',(1.,0.,0.));
#1674=DIRECTION('',(0.,0.,1.));
#1675=DIRECTION('',(1.,0.,0.));
#1676=DIRECTION('',(0.,0.,1.));
#1677=DIRECTION('',(1.,0.,0.));
#1678=DIRECTION('',(0.,0.,1.));
#1679=DIRECTION('',(1.,0.,0.));
#1680=DIRECTION('',(0.,0.,1.));
#1681=DIRECTION('',(1.,0.,0.));
#1682=DIRECTION('',(0.,0.,1.));
#1683=DIRECTION('',(1.,0.,0.));
#1684=DIRECTION('',(1.,0.,0.));
#1685=DIRECTION('',(0.,1.,0.));
#1686=DIRECTION('',(-1.,0.,0.));
#1687=DIRECTION('',(0.,0.,1.));
#1688=DIRECTION('',(1.,0.,0.));
#1689=DIRECTION('',(0.,-1.,0.));
#1690=DIRECTION('',(0.,0.,1.));
#1691=DIRECTION('',(1.,0.,0.));
#1692=DIRECTION('',(-1.,0.,0.));
#1693=DIRECTION('',(0.,0.,1.));
#1694=DIRECTION('',(1.,0.,0.));
#1695=DIRECTION('',(0.,-1.,0.));
#1696=DIRECTION('',(0.,0.,1.));
#1697=DIRECTION('',(1.,0.,0.));
#1698=DIRECTION('',(-1.,0.,0.));
#1699=DIRECTION('',(0.,1.,0.));
#1700=DIRECTION('',(1.,0.,0.));
#1701=DIRECTION('',(0.,0.,1.));
#1702=DIRECTION('',(1.,0.,0.));
#1703=DIRECTION('',(0.,1.,0.));
#1704=DIRECTION('',(0.,0.,1.));
#1705=DIRECTION('',(1.,0.,0.));
#1706=DIRECTION('',(1.,0.,0.));
#1707=DIRECTION('',(0.,0.,1.));
#1708=DIRECTION('',(1.,0.,0.));
#1709=DIRECTION('',(0.,1.,0.));
#1710=DIRECTION('',(0.,0.,1.));
#1711=DIRECTION('',(1.,0.,0.));
#1712=DIRECTION('',(0.,1.,0.));
#1713=DIRECTION('',(0.,0.,1.));
#1714=DIRECTION('',(0.,0.,-1.));
#1715=DIRECTION('',(0.,0.,-1.));
#1716=DIRECTION('',(1.,0.,0.));
#1717=DIRECTION('',(0.,0.,-1.));
#1718=DIRECTION('',(0.,0.,-1.));
#1719=DIRECTION('',(-0.707106781186548,0.,-0.707106781186547));
#1720=DIRECTION('',(1.,0.,0.));
#1721=DIRECTION('',(0.707106781186548,0.,-0.707106781186547));
#1722=DIRECTION('',(0.,-1.,0.));
#1723=DIRECTION('',(0.,0.,-1.));
#1724=DIRECTION('',(0.,0.,1.));
#1725=DIRECTION('',(-0.707106781186548,0.,0.707106781186547));
#1726=DIRECTION('',(-1.,0.,0.));
#1727=DIRECTION('',(0.707106781186548,0.,0.707106781186547));
#1728=DIRECTION('',(0.,0.,1.));
#1729=DIRECTION('',(0.,0.,-1.));
#1730=DIRECTION('',(-1.,0.,0.));
#1731=DIRECTION('',(0.,0.,-1.));
#1732=DIRECTION('',(1.,0.,0.));
#1733=DIRECTION('',(0.,0.,-1.));
#1734=DIRECTION('',(0.,-1.,0.));
#1735=DIRECTION('',(0.,0.,-1.));
#1736=DIRECTION('',(0.,-1.,0.));
#1737=DIRECTION('',(0.,0.,-1.));
#1738=DIRECTION('',(0.,1.,0.));
#1739=DIRECTION('',(0.,0.,1.));
#1740=DIRECTION('',(1.,0.,0.));
#1741=DIRECTION('',(0.,0.,-1.));
#1742=DIRECTION('',(1.,0.,0.));
#1743=DIRECTION('',(1.,0.,0.));
#1744=DIRECTION('',(0.,0.,-1.));
#1745=DIRECTION('',(0.,-1.,0.));
#1746=DIRECTION('',(0.,0.,-1.));
#1747=DIRECTION('',(0.,-1.,0.));
#1748=DIRECTION('',(-1.,0.,0.));
#1749=DIRECTION('',(0.,0.,1.));
#1750=DIRECTION('',(0.,1.,0.));
#1751=DIRECTION('',(0.,0.,-1.));
#1752=DIRECTION('',(0.,1.,0.));
#1753=DIRECTION('',(0.,0.,-1.));
#1754=DIRECTION('',(0.,1.,0.));
#1755=DIRECTION('',(0.,0.,1.));
#1756=DIRECTION('',(1.,0.,0.));
#1757=DIRECTION('',(0.,0.,-1.));
#1758=DIRECTION('',(1.,0.,0.));
#1759=DIRECTION('',(1.,0.,0.));
#1760=DIRECTION('',(0.,0.,-1.));
#1761=DIRECTION('',(0.,-1.,0.));
#1762=DIRECTION('',(0.,0.,-1.));
#1763=DIRECTION('',(0.,-1.,0.));
#1764=DIRECTION('',(-0.707106781186548,0.707106781186548,0.));
#1765=DIRECTION('',(-0.707106781186548,-0.707106781186548,0.));
#1766=DIRECTION('',(0.707106781186548,0.707106781186548,0.));
#1767=DIRECTION('',(0.,0.,-1.));
#1768=DIRECTION('',(0.707106781186548,0.707106781186548,0.));
#1769=DIRECTION('',(1.,0.,0.));
#1770=DIRECTION('',(0.,0.,-1.));
#1771=DIRECTION('',(0.,-1.,0.));
#1772=DIRECTION('',(0.,0.,-1.));
#1773=DIRECTION('',(0.,-1.,0.));
#1774=DIRECTION('',(0.,0.,-1.));
#1775=DIRECTION('',(0.,1.,0.));
#1776=DIRECTION('',(0.,0.,1.));
#1777=DIRECTION('',(1.,0.,0.));
#1778=DIRECTION('',(0.,0.,-1.));
#1779=DIRECTION('',(1.,0.,0.));
#1780=DIRECTION('',(1.,0.,0.));
#1781=DIRECTION('',(0.,0.,-1.));
#1782=DIRECTION('',(0.,-1.,0.));
#1783=DIRECTION('',(0.,0.,-1.));
#1784=DIRECTION('',(0.,-1.,0.));
#1785=DIRECTION('',(0.,1.,0.));
#1786=DIRECTION('',(0.,0.,1.));
#1787=DIRECTION('',(1.,0.,0.));
#1788=DIRECTION('',(0.,0.,-1.));
#1789=DIRECTION('',(1.,0.,0.));
#1790=DIRECTION('',(0.,0.,-1.));
#1791=DIRECTION('',(-0.707106781186547,-0.707106781186548,0.));
#1792=DIRECTION('',(0.707106781186548,-0.707106781186547,0.));
#1793=DIRECTION('',(-0.707106781186548,0.707106781186547,0.));
#1794=DIRECTION('',(0.,0.,-1.));
#1795=DIRECTION('',(-0.707106781186548,0.707106781186547,0.));
#1796=DIRECTION('',(0.,1.,0.));
#1797=DIRECTION('',(0.,0.,1.));
#1798=DIRECTION('',(1.,0.,0.));
#1799=DIRECTION('',(0.,0.,-1.));
#1800=DIRECTION('',(1.,0.,0.));
#1801=DIRECTION('',(1.,0.,0.));
#1802=DIRECTION('',(0.,0.,-1.));
#1803=DIRECTION('',(0.,-1.,0.));
#1804=DIRECTION('',(0.,0.,-1.));
#1805=DIRECTION('',(0.,-1.,0.));
#1806=DIRECTION('',(7.98875249527074E-17,-1.,0.));
#1807=DIRECTION('',(1.,7.98875249527074E-17,0.));
#1808=DIRECTION('',(-1.,-7.98875249527074E-17,0.));
#1809=DIRECTION('',(0.,0.,-1.));
#1810=DIRECTION('',(-1.,-7.98875249527074E-17,0.));
#1811=DIRECTION('',(1.,0.,0.));
#1812=DIRECTION('',(0.,0.,-1.));
#1813=DIRECTION('',(0.,-1.,0.));
#1814=DIRECTION('',(0.,0.,-1.));
#1815=DIRECTION('',(0.,-1.,0.));
#1816=DIRECTION('',(-6.40868109547659E-17,1.,0.));
#1817=DIRECTION('',(-1.,-6.40868109547659E-17,0.));
#1818=DIRECTION('',(1.,6.40868109547659E-17,0.));
#1819=DIRECTION('',(0.,0.,-1.));
#1820=DIRECTION('',(1.,6.40868109547659E-17,0.));
#1821=DIRECTION('',(0.707106781186548,-0.707106781186548,0.));
#1822=DIRECTION('',(0.707106781186548,0.707106781186548,0.));
#1823=DIRECTION('',(-0.707106781186548,-0.707106781186548,0.));
#1824=DIRECTION('',(0.,0.,-1.));
#1825=DIRECTION('',(-0.707106781186548,-0.707106781186548,0.));
#1826=DIRECTION('',(1.,0.,0.));
#1827=DIRECTION('',(0.,0.,-1.));
#1828=DIRECTION('',(0.,-1.,0.));
#1829=DIRECTION('',(0.,0.,-1.));
#1830=DIRECTION('',(0.,-1.,0.));
#1831=DIRECTION('',(0.,1.,0.));
#1832=DIRECTION('',(0.,0.,1.));
#1833=DIRECTION('',(1.,0.,0.));
#1834=DIRECTION('',(0.,0.,-1.));
#1835=DIRECTION('',(1.,0.,0.));
#1836=DIRECTION('',(0.,1.,0.));
#1837=DIRECTION('',(0.,0.,1.));
#1838=DIRECTION('',(1.,0.,0.));
#1839=DIRECTION('',(0.,0.,-1.));
#1840=DIRECTION('',(1.,0.,0.));
#1841=DIRECTION('',(0.,0.,-1.));
#1842=DIRECTION('',(-1.,0.,0.));
#1843=DIRECTION('',(0.,0.,1.));
#1844=DIRECTION('',(0.,1.,0.));
#1845=DIRECTION('',(0.,0.,-1.));
#1846=DIRECTION('',(0.,1.,0.));
#1847=DIRECTION('',(0.,1.,0.));
#1848=DIRECTION('',(0.,0.,1.));
#1849=DIRECTION('',(1.,0.,0.));
#1850=DIRECTION('',(0.,0.,-1.));
#1851=DIRECTION('',(1.,0.,0.));
#1852=DIRECTION('',(0.,1.,0.));
#1853=DIRECTION('',(0.,0.,1.));
#1854=DIRECTION('',(1.,0.,0.));
#1855=DIRECTION('',(1.,0.,0.));
#1856=DIRECTION('',(0.,0.,-1.));
#1857=DIRECTION('',(-1.,0.,0.));
#1858=DIRECTION('',(0.,0.,1.));
#1859=DIRECTION('',(1.,0.,0.));
#1860=DIRECTION('',(0.,0.,1.));
#1861=DIRECTION('',(1.,0.,0.));
#1862=DIRECTION('',(0.,0.,-1.));
#1863=DIRECTION('',(-1.,0.,0.));
#1864=DIRECTION('',(0.,0.,1.));
#1865=DIRECTION('',(1.,0.,0.));
#1866=DIRECTION('',(0.,0.,1.));
#1867=DIRECTION('',(1.,0.,0.));
#1868=DIRECTION('',(0.,0.,-1.));
#1869=DIRECTION('',(-1.,0.,0.));
#1870=DIRECTION('',(0.,0.,1.));
#1871=DIRECTION('',(1.,0.,0.));
#1872=DIRECTION('',(0.,0.,1.));
#1873=DIRECTION('',(1.,0.,0.));
#1874=DIRECTION('',(0.,0.,-1.));
#1875=DIRECTION('',(-1.,0.,0.));
#1876=DIRECTION('',(0.,0.,1.));
#1877=DIRECTION('',(1.,0.,0.));
#1878=DIRECTION('',(0.,0.,1.));
#1879=DIRECTION('',(1.,0.,0.));
#1880=DIRECTION('',(0.,0.,-1.));
#1881=DIRECTION('',(-1.,0.,0.));
#1882=DIRECTION('',(0.,0.,1.));
#1883=DIRECTION('',(1.,0.,0.));
#1884=DIRECTION('',(0.,0.,1.));
#1885=DIRECTION('',(1.,0.,0.));
#1886=DIRECTION('',(0.,0.,-1.));
#1887=DIRECTION('',(-1.,0.,0.));
#1888=DIRECTION('',(0.,0.,1.));
#1889=DIRECTION('',(1.,0.,0.));
#1890=DIRECTION('',(0.,0.,1.));
#1891=DIRECTION('',(1.,0.,0.));
#1892=DIRECTION('',(0.,1.,0.));
#1893=DIRECTION('',(0.,0.,1.));
#1894=DIRECTION('',(1.,0.,0.));
#1895=DIRECTION('',(1.,0.,0.));
#1896=DIRECTION('',(-0.707106781186548,0.707106781186548,0.));
#1897=DIRECTION('',(-0.707106781186548,-0.707106781186548,0.));
#1898=DIRECTION('',(0.707106781186548,0.707106781186548,0.));
#1899=DIRECTION('',(0.707106781186548,0.707106781186548,0.));
#1900=DIRECTION('',(-1.,0.,0.));
#1901=DIRECTION('',(0.,0.,1.));
#1902=DIRECTION('',(0.,1.,0.));
#1903=DIRECTION('',(0.,1.,0.));
#1904=DIRECTION('',(0.,1.,0.));
#1905=DIRECTION('',(0.,0.,1.));
#1906=DIRECTION('',(1.,0.,0.));
#1907=DIRECTION('',(1.,0.,0.));
#1908=DIRECTION('',(0.,0.,1.));
#1909=DIRECTION('',(1.,0.,0.));
#1910=DIRECTION('',(0.,0.,1.));
#1911=DIRECTION('',(1.,0.,0.));
#1912=DIRECTION('',(0.,0.,1.));
#1913=DIRECTION('',(1.,0.,0.));
#1914=DIRECTION('',(0.,1.,0.));
#1915=DIRECTION('',(0.,0.,1.));
#1916=DIRECTION('',(1.,0.,0.));
#1917=DIRECTION('',(1.,0.,0.));
#1918=DIRECTION('',(0.,0.,1.));
#1919=DIRECTION('',(1.,0.,0.));
#1920=DIRECTION('',(0.,1.,0.));
#1921=DIRECTION('',(0.,0.,1.));
#1922=DIRECTION('',(1.,0.,0.));
#1923=DIRECTION('',(0.,0.,1.));
#1924=DIRECTION('',(1.,0.,0.));
#1925=DIRECTION('',(0.,0.,1.));
#1926=DIRECTION('',(1.,0.,0.));
#1927=DIRECTION('',(0.,0.,1.));
#1928=DIRECTION('',(1.,0.,0.));
#1929=DIRECTION('',(0.,0.,1.));
#1930=DIRECTION('',(1.,0.,0.));
#1931=DIRECTION('',(0.,0.,1.));
#1932=DIRECTION('',(1.,0.,0.));
#1933=DIRECTION('',(0.,0.,1.));
#1934=DIRECTION('',(1.,0.,0.));
#1935=DIRECTION('',(0.,0.,1.));
#1936=DIRECTION('',(1.,0.,0.));
#1937=DIRECTION('',(0.,0.,1.));
#1938=DIRECTION('',(1.,0.,0.));
#1939=DIRECTION('',(0.,0.,1.));
#1940=DIRECTION('',(1.,0.,0.));
#1941=DIRECTION('',(0.,0.,1.));
#1942=DIRECTION('',(1.,0.,0.));
#1943=DIRECTION('',(0.,0.,-1.));
#1944=DIRECTION('',(-1.,0.,0.));
#1945=DIRECTION('',(0.,0.,-1.));
#1946=DIRECTION('',(-1.,0.,0.));
#1947=DIRECTION('',(0.,0.,1.));
#1948=DIRECTION('',(0.,0.,-1.));
#1949=DIRECTION('',(0.,0.,-1.));
#1950=DIRECTION('',(-1.,0.,0.));
#1951=DIRECTION('',(0.,0.,-1.));
#1952=DIRECTION('',(0.,1.,0.));
#1953=DIRECTION('',(0.,0.,1.));
#1954=DIRECTION('',(0.,0.,-1.));
#1955=DIRECTION('',(0.,0.,-1.));
#1956=DIRECTION('',(-1.,0.,0.));
#1957=DIRECTION('',(0.,0.,-1.));
#1958=DIRECTION('',(-1.,0.,0.));
#1959=DIRECTION('',(0.,0.,1.));
#1960=DIRECTION('',(0.,0.,-1.));
#1961=DIRECTION('',(0.,0.,-1.));
#1962=DIRECTION('',(-1.,0.,0.));
#1963=DIRECTION('',(0.,0.,1.));
#1964=DIRECTION('',(1.,0.,0.));
#1965=DIRECTION('',(0.,-1.,0.));
#1966=DIRECTION('',(0.,0.,1.));
#1967=DIRECTION('',(1.,0.,0.));
#1968=DIRECTION('',(0.,0.,1.));
#1969=DIRECTION('',(1.,0.,0.));
#1970=DIRECTION('',(0.,-1.,0.));
#1971=DIRECTION('',(0.,0.,1.));
#1972=DIRECTION('',(1.,0.,0.));
#1973=DIRECTION('',(-1.,0.,0.));
#1974=DIRECTION('',(0.,0.,1.));
#1975=DIRECTION('',(1.,0.,0.));
#1976=DIRECTION('',(0.,0.,-1.));
#1977=DIRECTION('',(-1.,0.,0.));
#1978=DIRECTION('',(0.,0.,-1.));
#1979=DIRECTION('',(0.,0.,-1.));
#1980=DIRECTION('',(-1.,0.,0.));
#1981=DIRECTION('',(0.,0.,-1.));
#1982=DIRECTION('',(1.,0.,0.));
#1983=DIRECTION('',(0.,0.,-1.));
#1984=DIRECTION('',(0.,0.,-1.));
#1985=DIRECTION('',(0.,0.,-1.));
#1986=DIRECTION('',(-1.,0.,0.));
#1987=DIRECTION('',(0.,0.,-1.));
#1988=DIRECTION('',(0.,-1.,0.));
#1989=DIRECTION('',(0.,0.,-1.));
#1990=DIRECTION('',(0.,0.,-1.));
#1991=DIRECTION('',(0.,0.,-1.));
#1992=DIRECTION('',(-1.,0.,0.));
#1993=DIRECTION('',(0.,0.,-1.));
#1994=DIRECTION('',(1.,0.,0.));
#1995=DIRECTION('',(0.,0.,-1.));
#1996=DIRECTION('',(0.,0.,1.));
#1997=DIRECTION('',(1.,0.,0.));
#1998=DIRECTION('',(0.,0.,1.));
#1999=DIRECTION('',(1.,0.,0.));
#2000=DIRECTION('',(0.,0.,1.));
#2001=DIRECTION('',(1.,0.,0.));
#2002=DIRECTION('',(0.,0.,1.));
#2003=DIRECTION('',(1.,0.,0.));
#2004=DIRECTION('',(0.,0.,1.));
#2005=DIRECTION('',(1.,0.,0.));
#2006=DIRECTION('',(0.,0.,1.));
#2007=DIRECTION('',(1.,0.,0.));
#2008=DIRECTION('',(0.,0.,1.));
#2009=DIRECTION('',(1.,0.,0.));
#2010=DIRECTION('',(0.,0.,1.));
#2011=DIRECTION('',(1.,0.,0.));
#2012=DIRECTION('',(0.,0.,1.));
#2013=DIRECTION('',(1.,0.,0.));
#2014=DIRECTION('',(0.,0.,1.));
#2015=DIRECTION('',(1.,0.,0.));
#2016=DIRECTION('',(0.,0.,1.));
#2017=DIRECTION('',(1.,0.,0.));
#2018=DIRECTION('',(0.,0.,1.));
#2019=DIRECTION('',(1.,0.,0.));
#2020=DIRECTION('',(0.,0.,1.));
#2021=DIRECTION('',(1.,0.,0.));
#2022=DIRECTION('',(0.,0.,1.));
#2023=DIRECTION('',(1.,0.,0.));
#2024=DIRECTION('',(0.,0.,1.));
#2025=DIRECTION('',(1.,0.,0.));
#2026=DIRECTION('',(0.,0.,1.));
#2027=DIRECTION('',(1.,0.,0.));
#2028=DIRECTION('',(0.,0.,1.));
#2029=DIRECTION('',(1.,0.,0.));
#2030=DIRECTION('',(0.,0.,1.));
#2031=DIRECTION('',(1.,0.,0.));
#2032=DIRECTION('',(1.,0.,0.));
#2033=DIRECTION('',(0.,0.,-1.));
#2034=DIRECTION('',(0.,-1.,0.));
#2035=DIRECTION('',(0.707106781186547,0.,0.707106781186548));
#2036=DIRECTION('',(0.707106781186548,0.,-0.707106781186547));
#2037=DIRECTION('',(0.,-1.,0.));
#2038=DIRECTION('',(0.,0.,1.));
#2039=DIRECTION('',(1.,0.,0.));
#2040=DIRECTION('',(0.,-1.,0.));
#2041=DIRECTION('',(0.707106781186547,0.,-0.707106781186548));
#2042=DIRECTION('',(-0.707106781186548,0.,-0.707106781186547));
#2043=DIRECTION('',(0.,-1.,0.));
#2044=DIRECTION('',(1.,0.,0.));
#2045=DIRECTION('',(0.,0.,-1.));
#2046=DIRECTION('',(0.,0.,1.));
#2047=DIRECTION('',(1.,0.,0.));
#2048=DIRECTION('',(0.,0.,1.));
#2049=DIRECTION('',(1.,0.,0.));
#2050=DIRECTION('',(0.,0.,-1.));
#2051=DIRECTION('',(-1.,0.,0.));
#2052=DIRECTION('',(0.,0.,1.));
#2053=DIRECTION('',(1.,0.,0.));
#2054=DIRECTION('',(0.,0.,1.));
#2055=DIRECTION('',(1.,0.,0.));
#2056=DIRECTION('',(0.,0.,1.));
#2057=DIRECTION('',(1.,0.,0.));
#2058=DIRECTION('',(0.,0.,1.));
#2059=DIRECTION('',(1.,0.,0.));
#2060=DIRECTION('',(0.,0.,-1.));
#2061=DIRECTION('',(-1.,0.,0.));
#2062=DIRECTION('',(0.,0.,1.));
#2063=DIRECTION('',(1.,0.,0.));
#2064=DIRECTION('',(0.,0.,1.));
#2065=DIRECTION('',(1.,0.,0.));
#2066=DIRECTION('',(0.,0.,1.));
#2067=DIRECTION('',(1.,0.,0.));
#2068=DIRECTION('',(0.,0.,1.));
#2069=DIRECTION('',(1.,0.,0.));
#2070=DIRECTION('',(0.,0.,-1.));
#2071=DIRECTION('',(-1.,0.,0.));
#2072=DIRECTION('',(0.,0.,1.));
#2073=DIRECTION('',(1.,0.,0.));
#2074=DIRECTION('',(0.,0.,1.));
#2075=DIRECTION('',(1.,0.,0.));
#2076=DIRECTION('',(0.,0.,1.));
#2077=DIRECTION('',(1.,0.,0.));
#2078=DIRECTION('',(0.,0.,1.));
#2079=DIRECTION('',(1.,0.,0.));
#2080=DIRECTION('',(0.,0.,-1.));
#2081=DIRECTION('',(-1.,0.,0.));
#2082=DIRECTION('',(0.,0.,1.));
#2083=DIRECTION('',(1.,0.,0.));
#2084=DIRECTION('',(0.,0.,1.));
#2085=DIRECTION('',(1.,0.,0.));
#2086=DIRECTION('',(0.,0.,1.));
#2087=DIRECTION('',(1.,0.,0.));
#2088=DIRECTION('',(0.,0.,1.));
#2089=DIRECTION('',(1.,0.,0.));
#2090=DIRECTION('',(0.,0.,-1.));
#2091=DIRECTION('',(-1.,0.,0.));
#2092=DIRECTION('',(0.,0.,1.));
#2093=DIRECTION('',(1.,0.,0.));
#2094=DIRECTION('',(0.,0.,1.));
#2095=DIRECTION('',(1.,0.,0.));
#2096=DIRECTION('',(0.,0.,1.));
#2097=DIRECTION('',(1.,0.,0.));
#2098=DIRECTION('',(0.,0.,1.));
#2099=DIRECTION('',(1.,0.,0.));
#2100=DIRECTION('',(0.,0.,-1.));
#2101=DIRECTION('',(-1.,0.,0.));
#2102=DIRECTION('',(0.,0.,1.));
#2103=DIRECTION('',(1.,0.,0.));
#2104=DIRECTION('',(0.,0.,1.));
#2105=DIRECTION('',(1.,0.,0.));
#2106=CARTESIAN_POINT('',(0.,0.,0.));
#2107=CARTESIAN_POINT('',(-0.000460488188862795,0.0253219089765607,0.012));
#2108=CARTESIAN_POINT('',(-0.207257571023759,0.0997921600937843,0.012));
#2109=CARTESIAN_POINT('',(-0.20490757102376,0.0997921600937843,0.012));
#2110=CARTESIAN_POINT('',(-0.000474350090371445,0.0996901318430901,0.012));
#2111=CARTESIAN_POINT('',(0.00187564990962856,0.0996901318430901,0.012));
#2112=CARTESIAN_POINT('',(0.206737667322159,0.0997826308012009,0.012));
#2113=CARTESIAN_POINT('',(0.209087667322159,0.0997826308012009,0.012));
#2114=CARTESIAN_POINT('',(0.206709355115891,-0.0494960770010948,0.012));
#2115=CARTESIAN_POINT('',(0.20905935511589,-0.0494960770010948,0.012));
#2116=CARTESIAN_POINT('',(-0.000320112885674462,-0.0494426377117634,0.012));
#2117=CARTESIAN_POINT('',(0.00202988711432554,-0.0494426377117634,0.012));
#2118=CARTESIAN_POINT('',(-0.207159548997879,-0.049365196377039,0.012));
#2119=CARTESIAN_POINT('',(-0.204809548997879,-0.049365196377039,0.012));
#2120=CARTESIAN_POINT('',(-0.000252837294283104,0.0945777206153895,0.012));
#2121=CARTESIAN_POINT('',(-0.209075837294283,0.0945777206153895,0.012));
#2122=CARTESIAN_POINT('',(0.178191483020782,0.0945777206153895,0.012));
#2123=CARTESIAN_POINT('',(0.178191483020782,0.0253219089765607,0.012));
#2124=CARTESIAN_POINT('',(0.178191483020782,0.104888074100017,0.012));
#2125=CARTESIAN_POINT('',(-0.000460488188862795,0.104888074100017,0.012));
#2126=CARTESIAN_POINT('',(-0.212550488188863,0.104888074100017,0.012));
#2127=CARTESIAN_POINT('',(-0.212550488188863,0.0998880741000174,0.012));
#2128=CARTESIAN_POINT('',(-0.217550488188863,0.0998880741000175,0.012));
#2129=CARTESIAN_POINT('',(-0.217550488188863,0.0253219089765607,0.012));
#2130=CARTESIAN_POINT('',(-0.217550488188863,-0.0492442561468961,0.012));
#2131=CARTESIAN_POINT('',(-0.212550488188863,-0.0492442561468961,0.012));
#2132=CARTESIAN_POINT('',(-0.212550488188863,-0.0542442561468961,0.012));
#2133=CARTESIAN_POINT('',(-0.000460488188862795,-0.0542442561468961,0.012));
#2134=CARTESIAN_POINT('',(0.211629511811137,-0.0542442561468961,0.012));
#2135=CARTESIAN_POINT('',(0.211629511811137,-0.0492442561468961,0.012));
#2136=CARTESIAN_POINT('',(0.216629511811137,-0.0492442561468961,0.012));
#2137=CARTESIAN_POINT('',(0.216629511811137,0.0253219089765607,0.012));
#2138=CARTESIAN_POINT('',(0.216629511811137,0.0998880741000175,0.012));
#2139=CARTESIAN_POINT('',(0.211629511811137,0.0998880741000175,0.012));
#2140=CARTESIAN_POINT('',(0.211629511811137,0.104888074100017,0.012));
#2141=CARTESIAN_POINT('',(-0.000460488188862795,0.104888074100017,0.012));
#2142=CARTESIAN_POINT('',(0.200649738311767,0.104888074100017,0.012));
#2143=CARTESIAN_POINT('',(0.200649738311767,0.0253219089765607,0.012));
#2144=CARTESIAN_POINT('',(0.200649738311767,0.0945777206153895,0.012));
#2145=CARTESIAN_POINT('',(-0.000252837294283104,0.0945777206153895,0.012));
#2146=CARTESIAN_POINT('',(0.208570162705717,0.0945777206153895,0.012));
#2147=CARTESIAN_POINT('',(0.208570162705717,0.0895777206153896,0.012));
#2148=CARTESIAN_POINT('',(0.213570162705717,0.0895777206153895,0.012));
#2149=CARTESIAN_POINT('',(0.213570162705717,0.0249532561092167,0.012));
#2150=CARTESIAN_POINT('',(0.213570162705717,-0.039671208396956,0.012));
#2151=CARTESIAN_POINT('',(0.208570162705717,-0.0396712083969561,0.012));
#2152=CARTESIAN_POINT('',(0.208570162705717,-0.0446712083969562,0.012));
#2153=CARTESIAN_POINT('',(-0.000252837294283104,-0.0446712083969562,0.012));
#2154=CARTESIAN_POINT('',(-0.209075837294283,-0.0446712083969561,0.012));
#2155=CARTESIAN_POINT('',(-0.209075837294283,-0.0396712083969561,0.012));
#2156=CARTESIAN_POINT('',(-0.214075837294283,-0.039671208396956,0.012));
#2157=CARTESIAN_POINT('',(-0.214075837294283,0.0249532561092167,0.012));
#2158=CARTESIAN_POINT('',(-0.214075837294283,0.0895777206153895,0.012));
#2159=CARTESIAN_POINT('',(-0.209075837294283,0.0895777206153896,0.012));
#2160=CARTESIAN_POINT('',(-0.000252837294283104,0.0945777206153895,0.012));
#2161=CARTESIAN_POINT('',(0.178191483020782,0.0945777206153895,0.012));
#2162=CARTESIAN_POINT('',(0.178191483020782,0.0945777206153895,0.0100368769030721));
#2163=CARTESIAN_POINT('',(-0.209075837294283,0.0945777206153895,0.012));
#2164=CARTESIAN_POINT('',(-0.209075837294283,0.0945777206153895,0.007));
#2165=CARTESIAN_POINT('',(-0.000252837294283104,0.0945777206153895,0.007));
#2166=CARTESIAN_POINT('',(0.208570162705717,0.0945777206153895,0.007));
#2167=CARTESIAN_POINT('',(0.208570162705717,0.0945777206153895,0.012));
#2168=CARTESIAN_POINT('',(0.200649738311767,0.0945777206153895,0.012));
#2169=CARTESIAN_POINT('',(0.200649738311767,0.0945777206153895,0.0100368769030721));
#2170=CARTESIAN_POINT('',(0.101180012057206,0.0945777206153895,-0.0894328493514893));
#2171=CARTESIAN_POINT('',(0.197649738311767,0.0945777206153895,0.0070368769030721));
#2172=CARTESIAN_POINT('',(-0.000252837294283104,0.0945777206153895,0.0070368769030721));
#2173=CARTESIAN_POINT('',(0.181191483020782,0.0945777206153895,0.0070368769030721));
#2174=CARTESIAN_POINT('',(0.0879877613147856,0.0945777206153895,0.100240598609069));
#2175=CARTESIAN_POINT('',(-0.000460488188862795,0.104888074100017,0.003));
#2176=CARTESIAN_POINT('',(0.178191483020782,0.104888074100017,0.003));
#2177=CARTESIAN_POINT('',(0.178191483020782,0.104888074100017,0.0100368769030721));
#2178=CARTESIAN_POINT('',(0.0923839358674958,0.104888074100017,0.0958444240563587));
#2179=CARTESIAN_POINT('',(0.181191483020782,0.104888074100017,0.0070368769030721));
#2180=CARTESIAN_POINT('',(-0.000460488188862795,0.104888074100017,0.0070368769030721));
#2181=CARTESIAN_POINT('',(0.197649738311767,0.104888074100017,0.0070368769030721));
#2182=CARTESIAN_POINT('',(0.0965761866099162,0.104888074100017,-0.0940366747987791));
#2183=CARTESIAN_POINT('',(0.200649738311767,0.104888074100017,0.0100368769030721));
#2184=CARTESIAN_POINT('',(0.200649738311767,0.104888074100017,0.003));
#2185=CARTESIAN_POINT('',(0.211629511811137,0.104888074100017,0.003));
#2186=CARTESIAN_POINT('',(0.211629511811137,0.104888074100017,0.));
#2187=CARTESIAN_POINT('',(-0.000460488188862795,0.104888074100017,0.));
#2188=CARTESIAN_POINT('',(-0.212550488188863,0.104888074100017,0.));
#2189=CARTESIAN_POINT('',(-0.212550488188863,0.104888074100017,0.003));
#2190=CARTESIAN_POINT('',(0.146493032574654,0.074432160705328,0.007));
#2191=CARTESIAN_POINT('',(0.146493032574654,0.074432160705328,0.003));
#2192=CARTESIAN_POINT('',(0.146493032574654,0.0841341838240624,0.003));
#2193=CARTESIAN_POINT('',(0.146493032574654,0.0647301375865936,0.003));
#2194=CARTESIAN_POINT('',(0.146493032574654,0.0841341838240624,0.007));
#2195=CARTESIAN_POINT('',(0.146493032574654,0.0841341838240624,0.007));
#2196=CARTESIAN_POINT('',(0.146493032574654,0.074432160705328,0.007));
#2197=CARTESIAN_POINT('',(0.146493032574654,0.0647301375865936,0.007));
#2198=CARTESIAN_POINT('',(0.146493032574654,0.0647301375865936,0.007));
#2199=CARTESIAN_POINT('',(0.156247787177563,0.0841341838240624,0.007));
#2200=CARTESIAN_POINT('',(0.156247787177563,0.0841341838240624,0.003));
#2201=CARTESIAN_POINT('',(0.166002541780472,0.0841341838240624,0.003));
#2202=CARTESIAN_POINT('',(0.166002541780472,0.0841341838240624,0.007));
#2203=CARTESIAN_POINT('',(0.166002541780472,0.0841341838240624,0.007));
#2204=CARTESIAN_POINT('',(0.156247787177563,0.0841341838240624,0.007));
#2205=CARTESIAN_POINT('',(0.166002541780472,0.074432160705328,0.007));
#2206=CARTESIAN_POINT('',(0.166002541780472,0.074432160705328,0.003));
#2207=CARTESIAN_POINT('',(0.166002541780472,0.0647301375865936,0.003));
#2208=CARTESIAN_POINT('',(0.166002541780472,0.0647301375865936,0.007));
#2209=CARTESIAN_POINT('',(0.166002541780472,0.0647301375865936,0.007));
#2210=CARTESIAN_POINT('',(0.166002541780472,0.074432160705328,0.007));
#2211=CARTESIAN_POINT('',(0.14125981926918,-0.0141887152418494,0.007));
#2212=CARTESIAN_POINT('',(0.14125981926918,-0.0141887152418494,0.003));
#2213=CARTESIAN_POINT('',(0.14125981926918,-0.0324342457056046,0.003));
#2214=CARTESIAN_POINT('',(0.14125981926918,0.0040568152219057,0.003));
#2215=CARTESIAN_POINT('',(0.14125981926918,-0.0324342457056046,0.007));
#2216=CARTESIAN_POINT('',(0.14125981926918,-0.0324342457056046,0.007));
#2217=CARTESIAN_POINT('',(0.14125981926918,-0.0141887152418494,0.007));
#2218=CARTESIAN_POINT('',(0.14125981926918,0.0040568152219057,0.007));
#2219=CARTESIAN_POINT('',(0.14125981926918,0.0040568152219057,0.007));
#2220=CARTESIAN_POINT('',(0.112864494174719,-0.0324342457056046,0.007));
#2221=CARTESIAN_POINT('',(0.112864494174719,-0.0324342457056046,0.003));
#2222=CARTESIAN_POINT('',(0.0844691690802574,-0.0324342457056046,0.003));
#2223=CARTESIAN_POINT('',(0.0844691690802574,-0.0324342457056046,0.007));
#2224=CARTESIAN_POINT('',(0.0844691690802574,-0.0324342457056046,0.007));
#2225=CARTESIAN_POINT('',(0.112864494174719,-0.0324342457056046,0.007));
#2226=CARTESIAN_POINT('',(0.0844691690802574,-0.0169920161007486,0.007));
#2227=CARTESIAN_POINT('',(0.0844691690802574,-0.0169920161007486,0.003));
#2228=CARTESIAN_POINT('',(0.0844691690802574,-0.00154978649589253,0.003));
#2229=CARTESIAN_POINT('',(0.0844691690802574,-0.00154978649589253,0.007));
#2230=CARTESIAN_POINT('',(0.0844691690802574,-0.00154978649589253,0.007));
#2231=CARTESIAN_POINT('',(0.0844691690802574,-0.0169920161007486,0.007));
#2232=CARTESIAN_POINT('',(0.0872724699391565,0.00125351436300659,0.007));
#2233=CARTESIAN_POINT('',(0.0872724699391565,0.00125351436300659,0.003));
#2234=CARTESIAN_POINT('',(0.0900757707980556,0.0040568152219057,0.003));
#2235=CARTESIAN_POINT('',(0.0900757707980556,0.0040568152219057,0.007));
#2236=CARTESIAN_POINT('',(0.0900757707980556,0.0040568152219057,0.007));
#2237=CARTESIAN_POINT('',(0.0872724699391565,0.00125351436300659,0.007));
#2238=CARTESIAN_POINT('',(0.182827711105347,0.0200886083766818,0.007));
#2239=CARTESIAN_POINT('',(0.182827711105347,0.0200886083766818,0.003));
#2240=CARTESIAN_POINT('',(0.182827711105347,0.0226883254945278,0.003));
#2241=CARTESIAN_POINT('',(0.182827711105347,0.0174888912588358,0.003));
#2242=CARTESIAN_POINT('',(0.182827711105347,0.0226883254945278,0.007));
#2243=CARTESIAN_POINT('',(0.182827711105347,0.0226883254945278,0.007));
#2244=CARTESIAN_POINT('',(0.182827711105347,0.0200886083766818,0.007));
#2245=CARTESIAN_POINT('',(0.182827711105347,0.0174888912588358,0.007));
#2246=CARTESIAN_POINT('',(0.182827711105347,0.0174888912588358,0.007));
#2247=CARTESIAN_POINT('',(0.18925479054451,0.0226883254945278,0.007));
#2248=CARTESIAN_POINT('',(0.18925479054451,0.0226883254945278,0.003));
#2249=CARTESIAN_POINT('',(0.195681869983673,0.0226883254945278,0.003));
#2250=CARTESIAN_POINT('',(0.195681869983673,0.0226883254945278,0.007));
#2251=CARTESIAN_POINT('',(0.195681869983673,0.0226883254945278,0.007));
#2252=CARTESIAN_POINT('',(0.18925479054451,0.0226883254945278,0.007));
#2253=CARTESIAN_POINT('',(0.195681869983673,0.0200886083766818,0.007));
#2254=CARTESIAN_POINT('',(0.195681869983673,0.0200886083766818,0.003));
#2255=CARTESIAN_POINT('',(0.195681869983673,0.0174888912588358,0.003));
#2256=CARTESIAN_POINT('',(0.195681869983673,0.0174888912588358,0.007));
#2257=CARTESIAN_POINT('',(0.195681869983673,0.0174888912588358,0.007));
#2258=CARTESIAN_POINT('',(0.195681869983673,0.0200886083766818,0.007));
#2259=CARTESIAN_POINT('',(-0.0728875952124213,-0.0389342457056046,0.007));
#2260=CARTESIAN_POINT('',(-0.0728875952124213,-0.0389342457056046,0.003));
#2261=CARTESIAN_POINT('',(-0.12403896172039,-0.0389342457056046,0.003));
#2262=CARTESIAN_POINT('',(-0.0217362287044525,-0.0389342457056046,0.003));
#2263=CARTESIAN_POINT('',(-0.12403896172039,-0.0389342457056046,0.007));
#2264=CARTESIAN_POINT('',(-0.12403896172039,-0.0389342457056046,0.007));
#2265=CARTESIAN_POINT('',(-0.0728875952124213,-0.0389342457056046,0.007));
#2266=CARTESIAN_POINT('',(-0.0217362287044525,-0.0389342457056046,0.007));
#2267=CARTESIAN_POINT('',(-0.0217362287044525,-0.0389342457056046,0.007));
#2268=CARTESIAN_POINT('',(-0.12728896172039,-0.0356842457056046,0.007));
#2269=CARTESIAN_POINT('',(-0.12728896172039,-0.0356842457056046,0.003));
#2270=CARTESIAN_POINT('',(-0.13053896172039,-0.0324342457056046,0.003));
#2271=CARTESIAN_POINT('',(-0.13053896172039,-0.0324342457056046,0.007));
#2272=CARTESIAN_POINT('',(-0.13053896172039,-0.0324342457056046,0.007));
#2273=CARTESIAN_POINT('',(-0.12728896172039,-0.0356842457056046,0.007));
#2274=CARTESIAN_POINT('',(-0.168433140432796,-0.0324342457056046,0.007));
#2275=CARTESIAN_POINT('',(-0.168433140432796,-0.0324342457056046,0.003));
#2276=CARTESIAN_POINT('',(-0.206327319145202,-0.0324342457056046,0.003));
#2277=CARTESIAN_POINT('',(-0.206327319145202,-0.0324342457056046,0.007));
#2278=CARTESIAN_POINT('',(-0.206327319145202,-0.0324342457056046,0.007));
#2279=CARTESIAN_POINT('',(-0.168433140432796,-0.0324342457056046,0.007));
#2280=CARTESIAN_POINT('',(-0.206327319145202,0.0257727446556092,0.007));
#2281=CARTESIAN_POINT('',(-0.206327319145202,0.0257727446556092,0.003));
#2282=CARTESIAN_POINT('',(-0.206327319145202,0.0839797350168228,0.003));
#2283=CARTESIAN_POINT('',(-0.206327319145202,0.0839797350168228,0.007));
#2284=CARTESIAN_POINT('',(-0.206327319145202,0.0839797350168228,0.007));
#2285=CARTESIAN_POINT('',(-0.206327319145202,0.0257727446556092,0.007));
#2286=CARTESIAN_POINT('',(-0.0326107367873192,0.0839797350168228,0.007));
#2287=CARTESIAN_POINT('',(-0.0326107367873192,0.0839797350168228,0.003));
#2288=CARTESIAN_POINT('',(0.141105845570564,0.0839797350168228,0.003));
#2289=CARTESIAN_POINT('',(0.141105845570564,0.0839797350168228,0.007));
#2290=CARTESIAN_POINT('',(0.141105845570564,0.0839797350168228,0.007));
#2291=CARTESIAN_POINT('',(-0.0326107367873192,0.0839797350168228,0.007));
#2292=CARTESIAN_POINT('',(0.141105845570564,0.0477682751193643,0.007));
#2293=CARTESIAN_POINT('',(0.141105845570564,0.0477682751193643,0.003));
#2294=CARTESIAN_POINT('',(0.141105845570564,0.0115568152219057,0.003));
#2295=CARTESIAN_POINT('',(0.141105845570564,0.0115568152219057,0.007));
#2296=CARTESIAN_POINT('',(0.141105845570564,0.0115568152219057,0.007));
#2297=CARTESIAN_POINT('',(0.141105845570564,0.0477682751193643,0.007));
#2298=CARTESIAN_POINT('',(0.114037507325411,0.0115568152219057,0.007));
#2299=CARTESIAN_POINT('',(0.114037507325411,0.0115568152219057,0.003));
#2300=CARTESIAN_POINT('',(0.0869691690802574,0.0115568152219057,0.003));
#2301=CARTESIAN_POINT('',(0.0869691690802574,0.0115568152219057,0.007));
#2302=CARTESIAN_POINT('',(0.0869691690802574,0.0115568152219057,0.007));
#2303=CARTESIAN_POINT('',(0.114037507325411,0.0115568152219057,0.007));
#2304=CARTESIAN_POINT('',(0.0819691690802574,0.0065568152219057,0.007));
#2305=CARTESIAN_POINT('',(0.0819691690802574,0.0065568152219057,0.003));
#2306=CARTESIAN_POINT('',(0.0769691690802574,0.0015568152219057,0.003));
#2307=CARTESIAN_POINT('',(0.0769691690802574,0.0015568152219057,0.007));
#2308=CARTESIAN_POINT('',(0.0769691690802574,0.0015568152219057,0.007));
#2309=CARTESIAN_POINT('',(0.0819691690802574,0.0065568152219057,0.007));
#2310=CARTESIAN_POINT('',(0.0769691690802574,-0.0154387152418494,0.007));
#2311=CARTESIAN_POINT('',(0.0769691690802574,-0.0154387152418494,0.003));
#2312=CARTESIAN_POINT('',(0.0769691690802574,-0.0324342457056046,0.003));
#2313=CARTESIAN_POINT('',(0.0769691690802574,-0.0324342457056046,0.007));
#2314=CARTESIAN_POINT('',(0.0769691690802574,-0.0324342457056046,0.007));
#2315=CARTESIAN_POINT('',(0.0769691690802574,-0.0154387152418494,0.007));
#2316=CARTESIAN_POINT('',(0.0308664701879025,-0.0324342457056046,0.007));
#2317=CARTESIAN_POINT('',(0.0308664701879025,-0.0324342457056046,0.003));
#2318=CARTESIAN_POINT('',(-0.0152362287044525,-0.0324342457056046,0.003));
#2319=CARTESIAN_POINT('',(-0.0152362287044525,-0.0324342457056046,0.007));
#2320=CARTESIAN_POINT('',(-0.0152362287044525,-0.0324342457056046,0.007));
#2321=CARTESIAN_POINT('',(0.0308664701879025,-0.0324342457056046,0.007));
#2322=CARTESIAN_POINT('',(0.156252883374691,-0.0324342457056046,0.007));
#2323=CARTESIAN_POINT('',(0.156252883374691,-0.0324342457056046,0.003));
#2324=CARTESIAN_POINT('',(0.146502658724785,-0.0324342457056046,0.003));
#2325=CARTESIAN_POINT('',(0.166003108024597,-0.0324342457056046,0.003));
#2326=CARTESIAN_POINT('',(0.146502658724785,-0.0324342457056046,0.007));
#2327=CARTESIAN_POINT('',(0.146502658724785,-0.0324342457056046,0.007));
#2328=CARTESIAN_POINT('',(0.156252883374691,-0.0324342457056046,0.007));
#2329=CARTESIAN_POINT('',(0.166003108024597,-0.0324342457056046,0.007));
#2330=CARTESIAN_POINT('',(0.166003108024597,-0.0324342457056046,0.007));
#2331=CARTESIAN_POINT('',(0.146502658724785,0.0129253024756908,0.007));
#2332=CARTESIAN_POINT('',(0.146502658724785,0.0129253024756908,0.003));
#2333=CARTESIAN_POINT('',(0.146502658724785,0.0582848506569862,0.003));
#2334=CARTESIAN_POINT('',(0.146502658724785,0.0582848506569862,0.007));
#2335=CARTESIAN_POINT('',(0.146502658724785,0.0582848506569862,0.007));
#2336=CARTESIAN_POINT('',(0.146502658724785,0.0129253024756908,0.007));
#2337=CARTESIAN_POINT('',(0.156252883374691,0.0582848506569862,0.007));
#2338=CARTESIAN_POINT('',(0.156252883374691,0.0582848506569862,0.003));
#2339=CARTESIAN_POINT('',(0.166003108024597,0.0582848506569863,0.003));
#2340=CARTESIAN_POINT('',(0.166003108024597,0.0582848506569863,0.007));
#2341=CARTESIAN_POINT('',(0.166003108024597,0.0582848506569863,0.007));
#2342=CARTESIAN_POINT('',(0.156252883374691,0.0582848506569862,0.007));
#2343=CARTESIAN_POINT('',(0.115667795033618,0.0040568152219057,0.007));
#2344=CARTESIAN_POINT('',(0.115667795033618,0.0040568152219057,0.003));
#2345=CARTESIAN_POINT('',(0.115667795033618,0.0040568152219057,0.007));
#2346=CARTESIAN_POINT('',(0.206737667322159,0.0877447053790093,0.007));
#2347=CARTESIAN_POINT('',(0.206737667322159,0.0877447053790093,0.007));
#2348=CARTESIAN_POINT('',(0.209087667322159,0.0877447053790093,0.007));
#2349=CARTESIAN_POINT('',(0.206737667322159,0.0877447053790093,0.003));
#2350=CARTESIAN_POINT('',(0.209087667322159,0.0877447053790093,0.003));
#2351=CARTESIAN_POINT('',(-0.000265207495296442,0.0876522365341627,0.007));
#2352=CARTESIAN_POINT('',(-0.000265207495296442,0.0876522365341627,0.007));
#2353=CARTESIAN_POINT('',(0.00208479250470356,0.0876522365341627,0.007));
#2354=CARTESIAN_POINT('',(-0.000265207495296442,0.0876522365341627,0.003));
#2355=CARTESIAN_POINT('',(0.00208479250470356,0.0876522365341627,0.003));
#2356=CARTESIAN_POINT('',(-0.207257571023759,0.087674029783073,0.007));
#2357=CARTESIAN_POINT('',(-0.207257571023759,0.087674029783073,0.007));
#2358=CARTESIAN_POINT('',(-0.20490757102376,0.087674029783073,0.007));
#2359=CARTESIAN_POINT('',(-0.207257571023759,0.087674029783073,0.003));
#2360=CARTESIAN_POINT('',(-0.20490757102376,0.087674029783073,0.003));
#2361=CARTESIAN_POINT('',(-0.207159548997879,-0.0381183475255966,0.007));
#2362=CARTESIAN_POINT('',(-0.207159548997879,-0.0381183475255966,0.007));
#2363=CARTESIAN_POINT('',(-0.204809548997879,-0.0381183475255966,0.007));
#2364=CARTESIAN_POINT('',(-0.207159548997879,-0.0381183475255966,0.003));
#2365=CARTESIAN_POINT('',(-0.204809548997879,-0.0381183475255966,0.003));
#2366=CARTESIAN_POINT('',(-0.00026,-0.038006038558163,0.007));
#2367=CARTESIAN_POINT('',(-0.00026,-0.038006038558163,0.007));
#2368=CARTESIAN_POINT('',(0.00209,-0.038006038558163,0.007));
#2369=CARTESIAN_POINT('',(-0.00026,-0.038006038558163,0.003));
#2370=CARTESIAN_POINT('',(0.00209,-0.038006038558163,0.003));
#2371=CARTESIAN_POINT('',(0.206709355115891,-0.0380611307919025,0.007));
#2372=CARTESIAN_POINT('',(0.206709355115891,-0.0380611307919025,0.007));
#2373=CARTESIAN_POINT('',(0.20905935511589,-0.0380611307919025,0.007));
#2374=CARTESIAN_POINT('',(0.206709355115891,-0.0380611307919025,0.003));
#2375=CARTESIAN_POINT('',(0.20905935511589,-0.0380611307919025,0.003));
#2376=CARTESIAN_POINT('',(0.18925479054451,0.0174888912588358,0.007));
#2377=CARTESIAN_POINT('',(0.18925479054451,0.0174888912588358,0.003));
#2378=CARTESIAN_POINT('',(0.18925479054451,0.0174888912588358,0.007));
#2379=CARTESIAN_POINT('',(-0.0184862287044525,-0.0356842457056046,0.007));
#2380=CARTESIAN_POINT('',(-0.0184862287044525,-0.0356842457056046,0.003));
#2381=CARTESIAN_POINT('',(-0.0184862287044525,-0.0356842457056046,0.007));
#2382=CARTESIAN_POINT('',(0.166003108024597,0.0129253024756909,0.007));
#2383=CARTESIAN_POINT('',(0.166003108024597,0.0129253024756909,0.003));
#2384=CARTESIAN_POINT('',(0.166003108024597,0.0129253024756909,0.007));
#2385=CARTESIAN_POINT('',(0.156247787177563,0.0647301375865936,0.007));
#2386=CARTESIAN_POINT('',(0.156247787177563,0.0647301375865936,0.003));
#2387=CARTESIAN_POINT('',(0.156247787177563,0.0647301375865936,0.007));
#2388=CARTESIAN_POINT('',(-0.000460488188862795,0.0253219089765607,0.007));
#2389=CARTESIAN_POINT('',(0.208570162705717,0.0895777206153896,0.007));
#2390=CARTESIAN_POINT('',(0.213570162705717,0.0895777206153895,0.007));
#2391=CARTESIAN_POINT('',(-0.209075837294283,0.0895777206153896,0.007));
#2392=CARTESIAN_POINT('',(-0.214075837294283,0.0895777206153895,0.007));
#2393=CARTESIAN_POINT('',(-0.214075837294283,0.0249532561092167,0.007));
#2394=CARTESIAN_POINT('',(-0.214075837294283,-0.039671208396956,0.007));
#2395=CARTESIAN_POINT('',(-0.209075837294283,-0.0396712083969561,0.007));
#2396=CARTESIAN_POINT('',(-0.209075837294283,-0.0446712083969561,0.007));
#2397=CARTESIAN_POINT('',(-0.000252837294283104,-0.0446712083969562,0.007));
#2398=CARTESIAN_POINT('',(0.208570162705717,-0.0446712083969562,0.007));
#2399=CARTESIAN_POINT('',(0.208570162705717,-0.0396712083969561,0.007));
#2400=CARTESIAN_POINT('',(0.213570162705717,-0.039671208396956,0.007));
#2401=CARTESIAN_POINT('',(0.213570162705717,0.0249532561092167,0.007));
#2402=CARTESIAN_POINT('',(-0.000460488188862795,0.0253219089765607,0.003));
#2403=CARTESIAN_POINT('',(-0.000460488188862795,0.0253219089765607,0.003));
#2404=CARTESIAN_POINT('',(-0.000460488188862795,0.0253219089765607,0.003));
#2405=CARTESIAN_POINT('',(-0.000460488188862795,0.0253219089765607,0.003));
#2406=CARTESIAN_POINT('',(-0.000460488188862795,0.0253219089765607,0.003));
#2407=CARTESIAN_POINT('',(-0.000460488188862795,0.0253219089765607,0.003));
#2408=CARTESIAN_POINT('',(-0.000460488188862795,0.0253219089765607,0.003));
#2409=CARTESIAN_POINT('',(-0.000460488188862795,0.0253219089765607,0.003));
#2410=CARTESIAN_POINT('',(-0.000460488188862795,0.0253219089765607,0.003));
#2411=CARTESIAN_POINT('',(-0.000460488188862795,0.0253219089765607,0.003));
#2412=CARTESIAN_POINT('',(-0.000460488188862795,0.0253219089765607,0.003));
#2413=CARTESIAN_POINT('',(-0.209075837294283,0.0895777206153896,0.012));
#2414=CARTESIAN_POINT('',(-0.214075837294283,0.0895777206153895,0.012));
#2415=CARTESIAN_POINT('',(-0.214075837294283,0.0249532561092167,0.012));
#2416=CARTESIAN_POINT('',(-0.214075837294283,-0.039671208396956,0.012));
#2417=CARTESIAN_POINT('',(-0.209075837294283,-0.0396712083969561,0.012));
#2418=CARTESIAN_POINT('',(-0.209075837294283,-0.0446712083969561,0.012));
#2419=CARTESIAN_POINT('',(-0.000252837294283104,-0.0446712083969562,0.012));
#2420=CARTESIAN_POINT('',(0.208570162705717,-0.0446712083969562,0.012));
#2421=CARTESIAN_POINT('',(0.208570162705717,-0.0396712083969561,0.012));
#2422=CARTESIAN_POINT('',(0.213570162705717,-0.039671208396956,0.012));
#2423=CARTESIAN_POINT('',(0.213570162705717,0.0249532561092167,0.012));
#2424=CARTESIAN_POINT('',(0.213570162705717,0.0895777206153895,0.012));
#2425=CARTESIAN_POINT('',(0.208570162705717,0.0895777206153896,0.012));
#2426=CARTESIAN_POINT('',(-0.000460488188862795,0.0253219089765607,0.));
#2427=CARTESIAN_POINT('',(-0.217550488188863,0.0253219089765607,0.));
#2428=CARTESIAN_POINT('',(-0.217550488188863,0.0998880741000175,0.));
#2429=CARTESIAN_POINT('',(-0.217550488188863,-0.0492442561468961,0.));
#2430=CARTESIAN_POINT('',(-0.212550488188863,0.0998880741000174,0.));
#2431=CARTESIAN_POINT('',(0.211629511811137,0.0998880741000175,0.));
#2432=CARTESIAN_POINT('',(0.216629511811137,0.0998880741000175,0.));
#2433=CARTESIAN_POINT('',(0.216629511811137,0.0253219089765607,0.));
#2434=CARTESIAN_POINT('',(0.216629511811137,-0.0492442561468961,0.));
#2435=CARTESIAN_POINT('',(0.211629511811137,-0.0492442561468961,0.));
#2436=CARTESIAN_POINT('',(0.211629511811137,-0.0542442561468961,0.));
#2437=CARTESIAN_POINT('',(-0.000460488188862795,-0.0542442561468961,0.));
#2438=CARTESIAN_POINT('',(-0.212550488188863,-0.0542442561468961,0.));
#2439=CARTESIAN_POINT('',(-0.212550488188863,-0.0492442561468961,0.));
#2440=CARTESIAN_POINT('',(-0.212550488188863,0.0998880741000174,0.003));
#2441=CARTESIAN_POINT('',(-0.217550488188863,0.0998880741000175,0.003));
#2442=CARTESIAN_POINT('',(0.211629511811137,0.0998880741000175,0.003));
#2443=CARTESIAN_POINT('',(0.216629511811137,0.0998880741000175,0.003));
#2444=CARTESIAN_POINT('',(0.216629511811137,0.0253219089765607,0.003));
#2445=CARTESIAN_POINT('',(0.216629511811137,-0.0492442561468961,0.003));
#2446=CARTESIAN_POINT('',(0.211629511811137,-0.0492442561468961,0.003));
#2447=CARTESIAN_POINT('',(0.211629511811137,-0.0542442561468961,0.003));
#2448=CARTESIAN_POINT('',(-0.000460488188862795,-0.0542442561468961,0.003));
#2449=CARTESIAN_POINT('',(-0.212550488188863,-0.0542442561468961,0.003));
#2450=CARTESIAN_POINT('',(-0.212550488188863,-0.0492442561468961,0.003));
#2451=CARTESIAN_POINT('',(-0.217550488188863,-0.0492442561468961,0.003));
#2452=CARTESIAN_POINT('',(-0.217550488188863,0.0253219089765607,0.003));
#2453=CARTESIAN_POINT('',(-0.207159548997879,-0.049365196377039,0.008));
#2454=CARTESIAN_POINT('',(-0.207159548997879,-0.049365196377039,0.008));
#2455=CARTESIAN_POINT('',(-0.204809548997879,-0.049365196377039,0.008));
#2456=CARTESIAN_POINT('',(-0.000460488188862795,0.0253219089765607,0.008));
#2457=CARTESIAN_POINT('',(-0.000320112885674462,-0.0494426377117634,0.008));
#2458=CARTESIAN_POINT('',(-0.000320112885674462,-0.0494426377117634,0.008));
#2459=CARTESIAN_POINT('',(0.00202988711432554,-0.0494426377117634,0.008));
#2460=CARTESIAN_POINT('',(-0.000460488188862795,0.0253219089765607,0.008));
#2461=CARTESIAN_POINT('',(0.206709355115891,-0.0494960770010948,0.008));
#2462=CARTESIAN_POINT('',(0.206709355115891,-0.0494960770010948,0.008));
#2463=CARTESIAN_POINT('',(0.20905935511589,-0.0494960770010948,0.008));
#2464=CARTESIAN_POINT('',(-0.000460488188862795,0.0253219089765607,0.008));
#2465=CARTESIAN_POINT('',(0.206737667322159,0.0997826308012009,0.008));
#2466=CARTESIAN_POINT('',(0.206737667322159,0.0997826308012009,0.008));
#2467=CARTESIAN_POINT('',(0.209087667322159,0.0997826308012009,0.008));
#2468=CARTESIAN_POINT('',(-0.000460488188862795,0.0253219089765607,0.008));
#2469=CARTESIAN_POINT('',(-0.000474350090371445,0.0996901318430901,0.008));
#2470=CARTESIAN_POINT('',(-0.000474350090371445,0.0996901318430901,0.008));
#2471=CARTESIAN_POINT('',(0.00187564990962856,0.0996901318430901,0.008));
#2472=CARTESIAN_POINT('',(-0.000460488188862795,0.0253219089765607,0.008));
#2473=CARTESIAN_POINT('',(-0.207257571023759,0.0997921600937843,0.008));
#2474=CARTESIAN_POINT('',(-0.207257571023759,0.0997921600937843,0.008));
#2475=CARTESIAN_POINT('',(-0.20490757102376,0.0997921600937843,0.008));
#2476=CARTESIAN_POINT('',(-0.000460488188862795,0.0253219089765607,0.008));
#2477=CARTESIAN_POINT('',(0.178191483020782,0.115,0.0111812720647461));
#2478=CARTESIAN_POINT('',(0.178191483020782,0.115,0.0100368769030721));
#2479=CARTESIAN_POINT('',(0.179691483020782,0.115,0.0085368769030721));
#2480=CARTESIAN_POINT('',(0.181191483020782,0.115,0.0070368769030721));
#2481=CARTESIAN_POINT('',(0.189420610666275,0.115,0.0070368769030721));
#2482=CARTESIAN_POINT('',(0.197649738311767,0.115,0.0070368769030721));
#2483=CARTESIAN_POINT('',(0.199149738311767,0.115,0.0085368769030721));
#2484=CARTESIAN_POINT('',(0.200649738311767,0.115,0.0100368769030721));
#2485=CARTESIAN_POINT('',(0.200649738311767,0.115,0.0111812720647461));
#2486=CARTESIAN_POINT('',(-0.000460488188862795,0.0253219089765607,0.003));
#2487=CARTESIAN_POINT('',(-0.207159548997879,-0.049365196377039,0.003));
#2488=CARTESIAN_POINT('',(-0.204809548997879,-0.049365196377039,0.003));
#2489=CARTESIAN_POINT('',(-0.207159548997879,-0.049365196377039,0.007));
#2490=CARTESIAN_POINT('',(-0.207159548997879,-0.049365196377039,0.007));
#2491=CARTESIAN_POINT('',(-0.204809548997879,-0.049365196377039,0.007));
#2492=CARTESIAN_POINT('',(-0.000460488188862795,0.0253219089765607,0.007));
#2493=CARTESIAN_POINT('',(-0.000460488188862795,0.0253219089765607,0.003));
#2494=CARTESIAN_POINT('',(0.206709355115891,-0.0494960770010948,0.003));
#2495=CARTESIAN_POINT('',(0.20905935511589,-0.0494960770010948,0.003));
#2496=CARTESIAN_POINT('',(0.206709355115891,-0.0494960770010948,0.007));
#2497=CARTESIAN_POINT('',(0.206709355115891,-0.0494960770010948,0.007));
#2498=CARTESIAN_POINT('',(0.20905935511589,-0.0494960770010948,0.007));
#2499=CARTESIAN_POINT('',(-0.000460488188862795,0.0253219089765607,0.007));
#2500=CARTESIAN_POINT('',(-0.000460488188862795,0.0253219089765607,0.003));
#2501=CARTESIAN_POINT('',(0.206737667322159,0.0997826308012009,0.003));
#2502=CARTESIAN_POINT('',(0.209087667322159,0.0997826308012009,0.003));
#2503=CARTESIAN_POINT('',(0.206737667322159,0.0997826308012009,0.007));
#2504=CARTESIAN_POINT('',(0.206737667322159,0.0997826308012009,0.007));
#2505=CARTESIAN_POINT('',(0.209087667322159,0.0997826308012009,0.007));
#2506=CARTESIAN_POINT('',(-0.000460488188862795,0.0253219089765607,0.007));
#2507=CARTESIAN_POINT('',(-0.000460488188862795,0.0253219089765607,0.003));
#2508=CARTESIAN_POINT('',(-0.000474350090371445,0.0996901318430901,0.003));
#2509=CARTESIAN_POINT('',(0.00187564990962856,0.0996901318430901,0.003));
#2510=CARTESIAN_POINT('',(-0.000474350090371445,0.0996901318430901,0.007));
#2511=CARTESIAN_POINT('',(-0.000474350090371445,0.0996901318430901,0.007));
#2512=CARTESIAN_POINT('',(0.00187564990962856,0.0996901318430901,0.007));
#2513=CARTESIAN_POINT('',(-0.000460488188862795,0.0253219089765607,0.007));
#2514=CARTESIAN_POINT('',(-0.000460488188862795,0.0253219089765607,0.003));
#2515=CARTESIAN_POINT('',(-0.000320112885674462,-0.0494426377117634,0.003));
#2516=CARTESIAN_POINT('',(0.00202988711432554,-0.0494426377117634,0.003));
#2517=CARTESIAN_POINT('',(-0.000320112885674462,-0.0494426377117634,0.007));
#2518=CARTESIAN_POINT('',(-0.000320112885674462,-0.0494426377117634,0.007));
#2519=CARTESIAN_POINT('',(0.00202988711432554,-0.0494426377117634,0.007));
#2520=CARTESIAN_POINT('',(-0.000460488188862795,0.0253219089765607,0.007));
#2521=CARTESIAN_POINT('',(-0.000460488188862795,0.0253219089765607,0.003));
#2522=CARTESIAN_POINT('',(-0.207257571023759,0.0997921600937843,0.003));
#2523=CARTESIAN_POINT('',(-0.20490757102376,0.0997921600937843,0.003));
#2524=CARTESIAN_POINT('',(-0.207257571023759,0.0997921600937843,0.007));
#2525=CARTESIAN_POINT('',(-0.207257571023759,0.0997921600937843,0.007));
#2526=CARTESIAN_POINT('',(-0.20490757102376,0.0997921600937843,0.007));
#2527=CARTESIAN_POINT('',(-0.000460488188862795,0.0253219089765607,0.007));
#2528=MECHANICAL_DESIGN_GEOMETRIC_PRESENTATION_REPRESENTATION('',(#1505),
#2529);
#2529=(
GEOMETRIC_REPRESENTATION_CONTEXT(3)
GLOBAL_UNCERTAINTY_ASSIGNED_CONTEXT((#2530))
GLOBAL_UNIT_ASSIGNED_CONTEXT((#2533,#2532,#2531))
REPRESENTATION_CONTEXT('Part 1','TOP_LEVEL_ASSEMBLY_PART')
);
#2530=UNCERTAINTY_MEASURE_WITH_UNIT(LENGTH_MEASURE(1.E-8),#2533,
'DISTANCE_ACCURACY_VALUE','Maximum Tolerance applied to model');
#2531=(
NAMED_UNIT(*)
SI_UNIT($,.STERADIAN.)
SOLID_ANGLE_UNIT()
);
#2532=(
NAMED_UNIT(*)
PLANE_ANGLE_UNIT()
SI_UNIT($,.RADIAN.)
);
#2533=(
LENGTH_UNIT()
NAMED_UNIT(*)
SI_UNIT($,.METRE.)
);
#2534=PRODUCT_DEFINITION_SHAPE('','',#2535);
#2535=PRODUCT_DEFINITION('','',#2537,#2536);
#2536=PRODUCT_DEFINITION_CONTEXT('',#2543,'design');
#2537=PRODUCT_DEFINITION_FORMATION_WITH_SPECIFIED_SOURCE('','',#2539,
 .NOT_KNOWN.);
#2538=PRODUCT_RELATED_PRODUCT_CATEGORY('','',(#2539));
#2539=PRODUCT('Part 1','Part 1','Part 1',(#2541));
#2540=PRODUCT_CATEGORY('','');
#2541=PRODUCT_CONTEXT('',#2543,'mechanical');
#2542=APPLICATION_PROTOCOL_DEFINITION('international standard',
'ap242_managed_model_based_3d_engineering',2011,#2543);
#2543=APPLICATION_CONTEXT('managed model based 3d engineering');
ENDSEC;
END-ISO-10303-21;
