ISO-10303-21;
HEADER;
/* Generated by software containing ST-Developer
 * from STEP Tools, Inc. (www.steptools.com) 
 */
/* OPTION: using custom renumber hook */

FILE_DESCRIPTION(
/* description */ ('STEP AP242',
'CAx-IF Rec.Pracs.---Representation and Presentation of Product Manufa
cturing Information (PMI)---4.0---2014-10-13',
'CAx-IF Rec.Pracs.---3D Tessellated Geometry---0.4---2014-09-14','2;1'),

/* implementation_level */ '2;1');

FILE_NAME(
/* name */ '6889660a46775e14b802a0c5',
/* time_stamp */ '2025-07-30T00:23:39Z',
/* author */ (''),
/* organization */ (''),
/* preprocessor_version */ 'ST-DEVELOPER v20',
/* originating_system */ 'ONSHAPE BY PTC INC, 1.201',
/* authorisation */ '  ');

FILE_SCHEMA (('AP242_MANAGED_MODEL_BASED_3D_ENGINEERING_MIM_LF { 1 0 10303 442 1 1 4 }'));
ENDSEC;

DATA;
#10=SHAPE_REPRESENTATION_RELATIONSHIP('','',#1445,#11);
#11=ADVANCED_BREP_SHAPE_REPRESENTATION('',(#1443),#2479);
#12=PLANE('',#1450);
#13=PLANE('',#1454);
#14=PLANE('',#1458);
#15=PLANE('',#1465);
#16=PLANE('',#1469);
#17=PLANE('',#1473);
#18=PLANE('',#1480);
#19=PLANE('',#1484);
#20=PLANE('',#1488);
#21=PLANE('',#1492);
#22=PLANE('',#1496);
#23=PLANE('',#1500);
#24=PLANE('',#1504);
#25=PLANE('',#1508);
#26=PLANE('',#1527);
#27=PLANE('',#1528);
#28=PLANE('',#1529);
#29=PLANE('',#1534);
#30=PLANE('',#1535);
#31=PLANE('',#1540);
#32=PLANE('',#1541);
#33=PLANE('',#1542);
#34=PLANE('',#1543);
#35=PLANE('',#1544);
#36=PLANE('',#1545);
#37=PLANE('',#1546);
#38=PLANE('',#1549);
#39=PLANE('',#1552);
#40=PLANE('',#1555);
#41=PLANE('',#1558);
#42=PLANE('',#1561);
#43=PLANE('',#1564);
#44=PLANE('',#1567);
#45=PLANE('',#1570);
#46=PLANE('',#1571);
#47=PLANE('',#1582);
#48=PLANE('',#1585);
#49=PLANE('',#1588);
#50=PLANE('',#1591);
#51=PLANE('',#1594);
#52=PLANE('',#1597);
#53=PLANE('',#1600);
#54=PLANE('',#1606);
#55=PLANE('',#1608);
#56=PLANE('',#1610);
#57=PLANE('',#1612);
#58=PLANE('',#1613);
#59=PLANE('',#1614);
#60=PLANE('',#1615);
#61=LINE('',#2069,#169);
#62=LINE('',#2073,#170);
#63=LINE('',#2075,#171);
#64=LINE('',#2077,#172);
#65=LINE('',#2079,#173);
#66=LINE('',#2083,#174);
#67=LINE('',#2087,#175);
#68=LINE('',#2089,#176);
#69=LINE('',#2091,#177);
#70=LINE('',#2095,#178);
#71=LINE('',#2099,#179);
#72=LINE('',#2101,#180);
#73=LINE('',#2103,#181);
#74=LINE('',#2107,#182);
#75=LINE('',#2114,#183);
#76=LINE('',#2118,#184);
#77=LINE('',#2120,#185);
#78=LINE('',#2122,#186);
#79=LINE('',#2124,#187);
#80=LINE('',#2128,#188);
#81=LINE('',#2132,#189);
#82=LINE('',#2134,#190);
#83=LINE('',#2136,#191);
#84=LINE('',#2140,#192);
#85=LINE('',#2144,#193);
#86=LINE('',#2146,#194);
#87=LINE('',#2148,#195);
#88=LINE('',#2152,#196);
#89=LINE('',#2159,#197);
#90=LINE('',#2163,#198);
#91=LINE('',#2165,#199);
#92=LINE('',#2167,#200);
#93=LINE('',#2169,#201);
#94=LINE('',#2173,#202);
#95=LINE('',#2177,#203);
#96=LINE('',#2179,#204);
#97=LINE('',#2181,#205);
#98=LINE('',#2185,#206);
#99=LINE('',#2189,#207);
#100=LINE('',#2191,#208);
#101=LINE('',#2193,#209);
#102=LINE('',#2197,#210);
#103=LINE('',#2201,#211);
#104=LINE('',#2203,#212);
#105=LINE('',#2205,#213);
#106=LINE('',#2209,#214);
#107=LINE('',#2213,#215);
#108=LINE('',#2215,#216);
#109=LINE('',#2217,#217);
#110=LINE('',#2221,#218);
#111=LINE('',#2225,#219);
#112=LINE('',#2227,#220);
#113=LINE('',#2229,#221);
#114=LINE('',#2233,#222);
#115=LINE('',#2237,#223);
#116=LINE('',#2239,#224);
#117=LINE('',#2241,#225);
#118=LINE('',#2245,#226);
#119=LINE('',#2249,#227);
#120=LINE('',#2250,#228);
#121=LINE('',#2282,#229);
#122=LINE('',#2283,#230);
#123=LINE('',#2285,#231);
#124=LINE('',#2286,#232);
#125=LINE('',#2291,#233);
#126=LINE('',#2295,#234);
#127=LINE('',#2299,#235);
#128=LINE('',#2303,#236);
#129=LINE('',#2338,#237);
#130=LINE('',#2342,#238);
#131=LINE('',#2344,#239);
#132=LINE('',#2346,#240);
#133=LINE('',#2348,#241);
#134=LINE('',#2352,#242);
#135=LINE('',#2354,#243);
#136=LINE('',#2356,#244);
#137=LINE('',#2360,#245);
#138=LINE('',#2362,#246);
#139=LINE('',#2364,#247);
#140=LINE('',#2368,#248);
#141=LINE('',#2370,#249);
#142=LINE('',#2372,#250);
#143=LINE('',#2374,#251);
#144=LINE('',#2376,#252);
#145=LINE('',#2378,#253);
#146=LINE('',#2380,#254);
#147=LINE('',#2382,#255);
#148=LINE('',#2386,#256);
#149=LINE('',#2390,#257);
#150=LINE('',#2394,#258);
#151=LINE('',#2398,#259);
#152=LINE('',#2436,#260);
#153=LINE('',#2441,#261);
#154=LINE('',#2445,#262);
#155=LINE('',#2449,#263);
#156=LINE('',#2453,#264);
#157=LINE('',#2454,#265);
#158=LINE('',#2456,#266);
#159=LINE('',#2458,#267);
#160=LINE('',#2460,#268);
#161=LINE('',#2462,#269);
#162=LINE('',#2464,#270);
#163=LINE('',#2466,#271);
#164=LINE('',#2467,#272);
#165=LINE('',#2469,#273);
#166=LINE('',#2471,#274);
#167=LINE('',#2474,#275);
#168=LINE('',#2475,#276);
#169=VECTOR('',#1622,1.);
#170=VECTOR('',#1625,1.);
#171=VECTOR('',#1628,1.);
#172=VECTOR('',#1629,1.);
#173=VECTOR('',#1630,1.);
#174=VECTOR('',#1635,1.);
#175=VECTOR('',#1640,1.);
#176=VECTOR('',#1641,1.);
#177=VECTOR('',#1642,1.);
#178=VECTOR('',#1647,1.);
#179=VECTOR('',#1652,1.);
#180=VECTOR('',#1653,1.);
#181=VECTOR('',#1654,1.);
#182=VECTOR('',#1659,1.);
#183=VECTOR('',#1666,1.);
#184=VECTOR('',#1669,1.);
#185=VECTOR('',#1672,1.);
#186=VECTOR('',#1673,1.);
#187=VECTOR('',#1674,1.);
#188=VECTOR('',#1679,1.);
#189=VECTOR('',#1684,1.);
#190=VECTOR('',#1685,1.);
#191=VECTOR('',#1686,1.);
#192=VECTOR('',#1691,1.);
#193=VECTOR('',#1696,1.);
#194=VECTOR('',#1697,1.);
#195=VECTOR('',#1698,1.);
#196=VECTOR('',#1703,1.);
#197=VECTOR('',#1710,1.);
#198=VECTOR('',#1713,1.);
#199=VECTOR('',#1716,1.);
#200=VECTOR('',#1717,1.);
#201=VECTOR('',#1718,1.);
#202=VECTOR('',#1723,1.);
#203=VECTOR('',#1728,1.);
#204=VECTOR('',#1729,1.);
#205=VECTOR('',#1730,1.);
#206=VECTOR('',#1735,1.);
#207=VECTOR('',#1740,1.);
#208=VECTOR('',#1741,1.);
#209=VECTOR('',#1742,1.);
#210=VECTOR('',#1747,1.);
#211=VECTOR('',#1752,1.);
#212=VECTOR('',#1753,1.);
#213=VECTOR('',#1754,1.);
#214=VECTOR('',#1759,1.);
#215=VECTOR('',#1764,1.);
#216=VECTOR('',#1765,1.);
#217=VECTOR('',#1766,1.);
#218=VECTOR('',#1771,1.);
#219=VECTOR('',#1776,1.);
#220=VECTOR('',#1777,1.);
#221=VECTOR('',#1778,1.);
#222=VECTOR('',#1783,1.);
#223=VECTOR('',#1788,1.);
#224=VECTOR('',#1789,1.);
#225=VECTOR('',#1790,1.);
#226=VECTOR('',#1795,1.);
#227=VECTOR('',#1800,1.);
#228=VECTOR('',#1801,1.);
#229=VECTOR('',#1840,1.);
#230=VECTOR('',#1841,1.);
#231=VECTOR('',#1844,1.);
#232=VECTOR('',#1845,1.);
#233=VECTOR('',#1850,1.);
#234=VECTOR('',#1853,1.);
#235=VECTOR('',#1856,1.);
#236=VECTOR('',#1859,1.);
#237=VECTOR('',#1912,1.);
#238=VECTOR('',#1915,1.);
#239=VECTOR('',#1918,1.);
#240=VECTOR('',#1919,1.);
#241=VECTOR('',#1922,1.);
#242=VECTOR('',#1927,1.);
#243=VECTOR('',#1928,1.);
#244=VECTOR('',#1931,1.);
#245=VECTOR('',#1936,1.);
#246=VECTOR('',#1937,1.);
#247=VECTOR('',#1940,1.);
#248=VECTOR('',#1945,1.);
#249=VECTOR('',#1946,1.);
#250=VECTOR('',#1947,1.);
#251=VECTOR('',#1948,1.);
#252=VECTOR('',#1949,1.);
#253=VECTOR('',#1952,1.);
#254=VECTOR('',#1953,1.);
#255=VECTOR('',#1954,1.);
#256=VECTOR('',#1957,1.);
#257=VECTOR('',#1960,1.);
#258=VECTOR('',#1963,1.);
#259=VECTOR('',#1966,1.);
#260=VECTOR('',#2017,1.);
#261=VECTOR('',#2020,1.);
#262=VECTOR('',#2023,1.);
#263=VECTOR('',#2026,1.);
#264=VECTOR('',#2031,1.);
#265=VECTOR('',#2032,1.);
#266=VECTOR('',#2035,1.);
#267=VECTOR('',#2038,1.);
#268=VECTOR('',#2041,1.);
#269=VECTOR('',#2044,1.);
#270=VECTOR('',#2047,1.);
#271=VECTOR('',#2048,1.);
#272=VECTOR('',#2049,1.);
#273=VECTOR('',#2050,1.);
#274=VECTOR('',#2053,1.);
#275=VECTOR('',#2058,1.);
#276=VECTOR('',#2059,1.);
#277=ORIENTED_EDGE('',*,*,#653,.F.);
#278=ORIENTED_EDGE('',*,*,#654,.F.);
#279=ORIENTED_EDGE('',*,*,#655,.T.);
#280=ORIENTED_EDGE('',*,*,#656,.T.);
#281=ORIENTED_EDGE('',*,*,#657,.T.);
#282=ORIENTED_EDGE('',*,*,#658,.F.);
#283=ORIENTED_EDGE('',*,*,#659,.F.);
#284=ORIENTED_EDGE('',*,*,#654,.T.);
#285=ORIENTED_EDGE('',*,*,#660,.F.);
#286=ORIENTED_EDGE('',*,*,#661,.F.);
#287=ORIENTED_EDGE('',*,*,#662,.T.);
#288=ORIENTED_EDGE('',*,*,#658,.T.);
#289=ORIENTED_EDGE('',*,*,#663,.T.);
#290=ORIENTED_EDGE('',*,*,#664,.F.);
#291=ORIENTED_EDGE('',*,*,#665,.F.);
#292=ORIENTED_EDGE('',*,*,#661,.T.);
#293=ORIENTED_EDGE('',*,*,#666,.F.);
#294=ORIENTED_EDGE('',*,*,#667,.F.);
#295=ORIENTED_EDGE('',*,*,#668,.T.);
#296=ORIENTED_EDGE('',*,*,#664,.T.);
#297=ORIENTED_EDGE('',*,*,#669,.F.);
#298=ORIENTED_EDGE('',*,*,#670,.F.);
#299=ORIENTED_EDGE('',*,*,#671,.T.);
#300=ORIENTED_EDGE('',*,*,#667,.T.);
#301=ORIENTED_EDGE('',*,*,#672,.F.);
#302=ORIENTED_EDGE('',*,*,#673,.F.);
#303=ORIENTED_EDGE('',*,*,#674,.T.);
#304=ORIENTED_EDGE('',*,*,#670,.T.);
#305=ORIENTED_EDGE('',*,*,#675,.F.);
#306=ORIENTED_EDGE('',*,*,#676,.F.);
#307=ORIENTED_EDGE('',*,*,#677,.T.);
#308=ORIENTED_EDGE('',*,*,#678,.T.);
#309=ORIENTED_EDGE('',*,*,#679,.T.);
#310=ORIENTED_EDGE('',*,*,#680,.F.);
#311=ORIENTED_EDGE('',*,*,#681,.F.);
#312=ORIENTED_EDGE('',*,*,#676,.T.);
#313=ORIENTED_EDGE('',*,*,#682,.F.);
#314=ORIENTED_EDGE('',*,*,#683,.F.);
#315=ORIENTED_EDGE('',*,*,#684,.T.);
#316=ORIENTED_EDGE('',*,*,#680,.T.);
#317=ORIENTED_EDGE('',*,*,#685,.F.);
#318=ORIENTED_EDGE('',*,*,#686,.F.);
#319=ORIENTED_EDGE('',*,*,#687,.T.);
#320=ORIENTED_EDGE('',*,*,#683,.T.);
#321=ORIENTED_EDGE('',*,*,#688,.F.);
#322=ORIENTED_EDGE('',*,*,#689,.F.);
#323=ORIENTED_EDGE('',*,*,#690,.T.);
#324=ORIENTED_EDGE('',*,*,#686,.T.);
#325=ORIENTED_EDGE('',*,*,#691,.F.);
#326=ORIENTED_EDGE('',*,*,#692,.F.);
#327=ORIENTED_EDGE('',*,*,#693,.T.);
#328=ORIENTED_EDGE('',*,*,#689,.T.);
#329=ORIENTED_EDGE('',*,*,#694,.F.);
#330=ORIENTED_EDGE('',*,*,#695,.F.);
#331=ORIENTED_EDGE('',*,*,#696,.T.);
#332=ORIENTED_EDGE('',*,*,#692,.T.);
#333=ORIENTED_EDGE('',*,*,#697,.F.);
#334=ORIENTED_EDGE('',*,*,#698,.F.);
#335=ORIENTED_EDGE('',*,*,#699,.T.);
#336=ORIENTED_EDGE('',*,*,#700,.T.);
#337=ORIENTED_EDGE('',*,*,#701,.T.);
#338=ORIENTED_EDGE('',*,*,#702,.F.);
#339=ORIENTED_EDGE('',*,*,#703,.F.);
#340=ORIENTED_EDGE('',*,*,#698,.T.);
#341=ORIENTED_EDGE('',*,*,#704,.F.);
#342=ORIENTED_EDGE('',*,*,#705,.F.);
#343=ORIENTED_EDGE('',*,*,#706,.T.);
#344=ORIENTED_EDGE('',*,*,#702,.T.);
#345=ORIENTED_EDGE('',*,*,#707,.T.);
#346=ORIENTED_EDGE('',*,*,#708,.F.);
#347=ORIENTED_EDGE('',*,*,#709,.F.);
#348=ORIENTED_EDGE('',*,*,#705,.T.);
#349=ORIENTED_EDGE('',*,*,#710,.F.);
#350=ORIENTED_EDGE('',*,*,#711,.F.);
#351=ORIENTED_EDGE('',*,*,#712,.T.);
#352=ORIENTED_EDGE('',*,*,#708,.T.);
#353=ORIENTED_EDGE('',*,*,#713,.T.);
#354=ORIENTED_EDGE('',*,*,#714,.F.);
#355=ORIENTED_EDGE('',*,*,#715,.F.);
#356=ORIENTED_EDGE('',*,*,#711,.T.);
#357=ORIENTED_EDGE('',*,*,#716,.F.);
#358=ORIENTED_EDGE('',*,*,#717,.F.);
#359=ORIENTED_EDGE('',*,*,#718,.T.);
#360=ORIENTED_EDGE('',*,*,#714,.T.);
#361=ORIENTED_EDGE('',*,*,#719,.F.);
#362=ORIENTED_EDGE('',*,*,#720,.F.);
#363=ORIENTED_EDGE('',*,*,#721,.T.);
#364=ORIENTED_EDGE('',*,*,#717,.T.);
#365=ORIENTED_EDGE('',*,*,#722,.F.);
#366=ORIENTED_EDGE('',*,*,#723,.F.);
#367=ORIENTED_EDGE('',*,*,#724,.T.);
#368=ORIENTED_EDGE('',*,*,#720,.T.);
#369=ORIENTED_EDGE('',*,*,#725,.F.);
#370=ORIENTED_EDGE('',*,*,#726,.F.);
#371=ORIENTED_EDGE('',*,*,#727,.T.);
#372=ORIENTED_EDGE('',*,*,#723,.T.);
#373=ORIENTED_EDGE('',*,*,#728,.F.);
#374=ORIENTED_EDGE('',*,*,#729,.F.);
#375=ORIENTED_EDGE('',*,*,#730,.T.);
#376=ORIENTED_EDGE('',*,*,#726,.T.);
#377=ORIENTED_EDGE('',*,*,#731,.F.);
#378=ORIENTED_EDGE('',*,*,#732,.F.);
#379=ORIENTED_EDGE('',*,*,#733,.T.);
#380=ORIENTED_EDGE('',*,*,#729,.T.);
#381=ORIENTED_EDGE('',*,*,#734,.F.);
#382=ORIENTED_EDGE('',*,*,#735,.F.);
#383=ORIENTED_EDGE('',*,*,#736,.T.);
#384=ORIENTED_EDGE('',*,*,#732,.T.);
#385=ORIENTED_EDGE('',*,*,#737,.F.);
#386=ORIENTED_EDGE('',*,*,#738,.F.);
#387=ORIENTED_EDGE('',*,*,#739,.T.);
#388=ORIENTED_EDGE('',*,*,#735,.T.);
#389=ORIENTED_EDGE('',*,*,#740,.F.);
#390=ORIENTED_EDGE('',*,*,#741,.F.);
#391=ORIENTED_EDGE('',*,*,#742,.T.);
#392=ORIENTED_EDGE('',*,*,#738,.T.);
#393=ORIENTED_EDGE('',*,*,#743,.T.);
#394=ORIENTED_EDGE('',*,*,#678,.F.);
#395=ORIENTED_EDGE('',*,*,#744,.F.);
#396=ORIENTED_EDGE('',*,*,#695,.T.);
#397=ORIENTED_EDGE('',*,*,#745,.T.);
#398=ORIENTED_EDGE('',*,*,#746,.T.);
#399=ORIENTED_EDGE('',*,*,#747,.T.);
#400=ORIENTED_EDGE('',*,*,#748,.T.);
#401=ORIENTED_EDGE('',*,*,#749,.T.);
#402=ORIENTED_EDGE('',*,*,#750,.T.);
#403=ORIENTED_EDGE('',*,*,#751,.T.);
#404=ORIENTED_EDGE('',*,*,#752,.T.);
#405=ORIENTED_EDGE('',*,*,#753,.T.);
#406=ORIENTED_EDGE('',*,*,#754,.T.);
#407=ORIENTED_EDGE('',*,*,#755,.T.);
#408=ORIENTED_EDGE('',*,*,#756,.T.);
#409=ORIENTED_EDGE('',*,*,#757,.T.);
#410=ORIENTED_EDGE('',*,*,#700,.F.);
#411=ORIENTED_EDGE('',*,*,#758,.F.);
#412=ORIENTED_EDGE('',*,*,#741,.T.);
#413=ORIENTED_EDGE('',*,*,#759,.F.);
#414=ORIENTED_EDGE('',*,*,#656,.F.);
#415=ORIENTED_EDGE('',*,*,#760,.T.);
#416=ORIENTED_EDGE('',*,*,#673,.T.);
#417=ORIENTED_EDGE('',*,*,#761,.T.);
#418=ORIENTED_EDGE('',*,*,#762,.F.);
#419=ORIENTED_EDGE('',*,*,#763,.T.);
#420=ORIENTED_EDGE('',*,*,#764,.T.);
#421=ORIENTED_EDGE('',*,*,#765,.T.);
#422=ORIENTED_EDGE('',*,*,#766,.T.);
#423=ORIENTED_EDGE('',*,*,#767,.T.);
#424=ORIENTED_EDGE('',*,*,#768,.F.);
#425=ORIENTED_EDGE('',*,*,#699,.F.);
#426=ORIENTED_EDGE('',*,*,#703,.T.);
#427=ORIENTED_EDGE('',*,*,#706,.F.);
#428=ORIENTED_EDGE('',*,*,#709,.T.);
#429=ORIENTED_EDGE('',*,*,#712,.F.);
#430=ORIENTED_EDGE('',*,*,#715,.T.);
#431=ORIENTED_EDGE('',*,*,#718,.F.);
#432=ORIENTED_EDGE('',*,*,#721,.F.);
#433=ORIENTED_EDGE('',*,*,#724,.F.);
#434=ORIENTED_EDGE('',*,*,#727,.F.);
#435=ORIENTED_EDGE('',*,*,#730,.F.);
#436=ORIENTED_EDGE('',*,*,#733,.F.);
#437=ORIENTED_EDGE('',*,*,#736,.F.);
#438=ORIENTED_EDGE('',*,*,#739,.F.);
#439=ORIENTED_EDGE('',*,*,#742,.F.);
#440=ORIENTED_EDGE('',*,*,#758,.T.);
#441=ORIENTED_EDGE('',*,*,#755,.F.);
#442=ORIENTED_EDGE('',*,*,#753,.F.);
#443=ORIENTED_EDGE('',*,*,#751,.F.);
#444=ORIENTED_EDGE('',*,*,#749,.F.);
#445=ORIENTED_EDGE('',*,*,#747,.F.);
#446=ORIENTED_EDGE('',*,*,#745,.F.);
#447=ORIENTED_EDGE('',*,*,#677,.F.);
#448=ORIENTED_EDGE('',*,*,#681,.T.);
#449=ORIENTED_EDGE('',*,*,#684,.F.);
#450=ORIENTED_EDGE('',*,*,#687,.F.);
#451=ORIENTED_EDGE('',*,*,#690,.F.);
#452=ORIENTED_EDGE('',*,*,#693,.F.);
#453=ORIENTED_EDGE('',*,*,#696,.F.);
#454=ORIENTED_EDGE('',*,*,#744,.T.);
#455=ORIENTED_EDGE('',*,*,#655,.F.);
#456=ORIENTED_EDGE('',*,*,#659,.T.);
#457=ORIENTED_EDGE('',*,*,#662,.F.);
#458=ORIENTED_EDGE('',*,*,#665,.T.);
#459=ORIENTED_EDGE('',*,*,#668,.F.);
#460=ORIENTED_EDGE('',*,*,#671,.F.);
#461=ORIENTED_EDGE('',*,*,#674,.F.);
#462=ORIENTED_EDGE('',*,*,#760,.F.);
#463=ORIENTED_EDGE('',*,*,#653,.T.);
#464=ORIENTED_EDGE('',*,*,#759,.T.);
#465=ORIENTED_EDGE('',*,*,#672,.T.);
#466=ORIENTED_EDGE('',*,*,#669,.T.);
#467=ORIENTED_EDGE('',*,*,#666,.T.);
#468=ORIENTED_EDGE('',*,*,#663,.F.);
#469=ORIENTED_EDGE('',*,*,#660,.T.);
#470=ORIENTED_EDGE('',*,*,#657,.F.);
#471=ORIENTED_EDGE('',*,*,#769,.F.);
#472=ORIENTED_EDGE('',*,*,#770,.F.);
#473=ORIENTED_EDGE('',*,*,#771,.F.);
#474=ORIENTED_EDGE('',*,*,#772,.F.);
#475=ORIENTED_EDGE('',*,*,#697,.T.);
#476=ORIENTED_EDGE('',*,*,#757,.F.);
#477=ORIENTED_EDGE('',*,*,#740,.T.);
#478=ORIENTED_EDGE('',*,*,#737,.T.);
#479=ORIENTED_EDGE('',*,*,#734,.T.);
#480=ORIENTED_EDGE('',*,*,#731,.T.);
#481=ORIENTED_EDGE('',*,*,#728,.T.);
#482=ORIENTED_EDGE('',*,*,#725,.T.);
#483=ORIENTED_EDGE('',*,*,#722,.T.);
#484=ORIENTED_EDGE('',*,*,#719,.T.);
#485=ORIENTED_EDGE('',*,*,#716,.T.);
#486=ORIENTED_EDGE('',*,*,#713,.F.);
#487=ORIENTED_EDGE('',*,*,#710,.T.);
#488=ORIENTED_EDGE('',*,*,#707,.F.);
#489=ORIENTED_EDGE('',*,*,#704,.T.);
#490=ORIENTED_EDGE('',*,*,#701,.F.);
#491=ORIENTED_EDGE('',*,*,#756,.F.);
#492=ORIENTED_EDGE('',*,*,#754,.F.);
#493=ORIENTED_EDGE('',*,*,#752,.F.);
#494=ORIENTED_EDGE('',*,*,#750,.F.);
#495=ORIENTED_EDGE('',*,*,#748,.F.);
#496=ORIENTED_EDGE('',*,*,#746,.F.);
#497=ORIENTED_EDGE('',*,*,#675,.T.);
#498=ORIENTED_EDGE('',*,*,#743,.F.);
#499=ORIENTED_EDGE('',*,*,#694,.T.);
#500=ORIENTED_EDGE('',*,*,#691,.T.);
#501=ORIENTED_EDGE('',*,*,#688,.T.);
#502=ORIENTED_EDGE('',*,*,#685,.T.);
#503=ORIENTED_EDGE('',*,*,#682,.T.);
#504=ORIENTED_EDGE('',*,*,#679,.F.);
#505=ORIENTED_EDGE('',*,*,#773,.F.);
#506=ORIENTED_EDGE('',*,*,#772,.T.);
#507=ORIENTED_EDGE('',*,*,#773,.T.);
#508=ORIENTED_EDGE('',*,*,#774,.F.);
#509=ORIENTED_EDGE('',*,*,#771,.T.);
#510=ORIENTED_EDGE('',*,*,#774,.T.);
#511=ORIENTED_EDGE('',*,*,#775,.F.);
#512=ORIENTED_EDGE('',*,*,#770,.T.);
#513=ORIENTED_EDGE('',*,*,#775,.T.);
#514=ORIENTED_EDGE('',*,*,#776,.F.);
#515=ORIENTED_EDGE('',*,*,#769,.T.);
#516=ORIENTED_EDGE('',*,*,#776,.T.);
#517=ORIENTED_EDGE('',*,*,#761,.F.);
#518=ORIENTED_EDGE('',*,*,#777,.F.);
#519=ORIENTED_EDGE('',*,*,#778,.T.);
#520=ORIENTED_EDGE('',*,*,#779,.T.);
#521=ORIENTED_EDGE('',*,*,#768,.T.);
#522=ORIENTED_EDGE('',*,*,#780,.F.);
#523=ORIENTED_EDGE('',*,*,#781,.F.);
#524=ORIENTED_EDGE('',*,*,#777,.T.);
#525=ORIENTED_EDGE('',*,*,#767,.F.);
#526=ORIENTED_EDGE('',*,*,#782,.F.);
#527=ORIENTED_EDGE('',*,*,#783,.T.);
#528=ORIENTED_EDGE('',*,*,#780,.T.);
#529=ORIENTED_EDGE('',*,*,#766,.F.);
#530=ORIENTED_EDGE('',*,*,#784,.F.);
#531=ORIENTED_EDGE('',*,*,#785,.T.);
#532=ORIENTED_EDGE('',*,*,#782,.T.);
#533=ORIENTED_EDGE('',*,*,#765,.F.);
#534=ORIENTED_EDGE('',*,*,#786,.F.);
#535=ORIENTED_EDGE('',*,*,#787,.T.);
#536=ORIENTED_EDGE('',*,*,#784,.T.);
#537=ORIENTED_EDGE('',*,*,#764,.F.);
#538=ORIENTED_EDGE('',*,*,#788,.F.);
#539=ORIENTED_EDGE('',*,*,#789,.T.);
#540=ORIENTED_EDGE('',*,*,#786,.T.);
#541=ORIENTED_EDGE('',*,*,#763,.F.);
#542=ORIENTED_EDGE('',*,*,#790,.F.);
#543=ORIENTED_EDGE('',*,*,#791,.T.);
#544=ORIENTED_EDGE('',*,*,#788,.T.);
#545=ORIENTED_EDGE('',*,*,#792,.F.);
#546=ORIENTED_EDGE('',*,*,#793,.T.);
#547=ORIENTED_EDGE('',*,*,#794,.F.);
#548=ORIENTED_EDGE('',*,*,#795,.F.);
#549=ORIENTED_EDGE('',*,*,#796,.F.);
#550=ORIENTED_EDGE('',*,*,#790,.T.);
#551=ORIENTED_EDGE('',*,*,#762,.T.);
#552=ORIENTED_EDGE('',*,*,#779,.F.);
#553=ORIENTED_EDGE('',*,*,#797,.F.);
#554=ORIENTED_EDGE('',*,*,#792,.T.);
#555=ORIENTED_EDGE('',*,*,#778,.F.);
#556=ORIENTED_EDGE('',*,*,#781,.T.);
#557=ORIENTED_EDGE('',*,*,#783,.F.);
#558=ORIENTED_EDGE('',*,*,#785,.F.);
#559=ORIENTED_EDGE('',*,*,#787,.F.);
#560=ORIENTED_EDGE('',*,*,#789,.F.);
#561=ORIENTED_EDGE('',*,*,#791,.F.);
#562=ORIENTED_EDGE('',*,*,#796,.T.);
#563=ORIENTED_EDGE('',*,*,#798,.T.);
#564=ORIENTED_EDGE('',*,*,#799,.F.);
#565=ORIENTED_EDGE('',*,*,#800,.T.);
#566=ORIENTED_EDGE('',*,*,#801,.T.);
#567=ORIENTED_EDGE('',*,*,#802,.T.);
#568=ORIENTED_EDGE('',*,*,#803,.T.);
#569=ORIENTED_EDGE('',*,*,#804,.T.);
#570=ORIENTED_EDGE('',*,*,#805,.F.);
#571=ORIENTED_EDGE('',*,*,#806,.T.);
#572=ORIENTED_EDGE('',*,*,#807,.F.);
#573=ORIENTED_EDGE('',*,*,#808,.F.);
#574=ORIENTED_EDGE('',*,*,#809,.F.);
#575=ORIENTED_EDGE('',*,*,#810,.F.);
#576=ORIENTED_EDGE('',*,*,#811,.F.);
#577=ORIENTED_EDGE('',*,*,#812,.F.);
#578=ORIENTED_EDGE('',*,*,#813,.F.);
#579=ORIENTED_EDGE('',*,*,#814,.F.);
#580=ORIENTED_EDGE('',*,*,#814,.T.);
#581=ORIENTED_EDGE('',*,*,#808,.T.);
#582=ORIENTED_EDGE('',*,*,#815,.F.);
#583=ORIENTED_EDGE('',*,*,#815,.T.);
#584=ORIENTED_EDGE('',*,*,#809,.T.);
#585=ORIENTED_EDGE('',*,*,#816,.F.);
#586=ORIENTED_EDGE('',*,*,#816,.T.);
#587=ORIENTED_EDGE('',*,*,#810,.T.);
#588=ORIENTED_EDGE('',*,*,#817,.F.);
#589=ORIENTED_EDGE('',*,*,#817,.T.);
#590=ORIENTED_EDGE('',*,*,#811,.T.);
#591=ORIENTED_EDGE('',*,*,#818,.F.);
#592=ORIENTED_EDGE('',*,*,#818,.T.);
#593=ORIENTED_EDGE('',*,*,#812,.T.);
#594=ORIENTED_EDGE('',*,*,#819,.F.);
#595=ORIENTED_EDGE('',*,*,#819,.T.);
#596=ORIENTED_EDGE('',*,*,#813,.T.);
#597=ORIENTED_EDGE('',*,*,#820,.T.);
#598=ORIENTED_EDGE('',*,*,#821,.F.);
#599=ORIENTED_EDGE('',*,*,#822,.F.);
#600=ORIENTED_EDGE('',*,*,#823,.F.);
#601=ORIENTED_EDGE('',*,*,#824,.F.);
#602=ORIENTED_EDGE('',*,*,#825,.F.);
#603=ORIENTED_EDGE('',*,*,#826,.T.);
#604=ORIENTED_EDGE('',*,*,#827,.F.);
#605=ORIENTED_EDGE('',*,*,#821,.T.);
#606=ORIENTED_EDGE('',*,*,#828,.F.);
#607=ORIENTED_EDGE('',*,*,#804,.F.);
#608=ORIENTED_EDGE('',*,*,#829,.T.);
#609=ORIENTED_EDGE('',*,*,#822,.T.);
#610=ORIENTED_EDGE('',*,*,#829,.F.);
#611=ORIENTED_EDGE('',*,*,#803,.F.);
#612=ORIENTED_EDGE('',*,*,#830,.T.);
#613=ORIENTED_EDGE('',*,*,#823,.T.);
#614=ORIENTED_EDGE('',*,*,#830,.F.);
#615=ORIENTED_EDGE('',*,*,#802,.F.);
#616=ORIENTED_EDGE('',*,*,#831,.T.);
#617=ORIENTED_EDGE('',*,*,#824,.T.);
#618=ORIENTED_EDGE('',*,*,#831,.F.);
#619=ORIENTED_EDGE('',*,*,#801,.F.);
#620=ORIENTED_EDGE('',*,*,#832,.T.);
#621=ORIENTED_EDGE('',*,*,#825,.T.);
#622=ORIENTED_EDGE('',*,*,#832,.F.);
#623=ORIENTED_EDGE('',*,*,#800,.F.);
#624=ORIENTED_EDGE('',*,*,#833,.T.);
#625=ORIENTED_EDGE('',*,*,#834,.F.);
#626=ORIENTED_EDGE('',*,*,#807,.T.);
#627=ORIENTED_EDGE('',*,*,#835,.T.);
#628=ORIENTED_EDGE('',*,*,#826,.F.);
#629=ORIENTED_EDGE('',*,*,#833,.F.);
#630=ORIENTED_EDGE('',*,*,#799,.T.);
#631=ORIENTED_EDGE('',*,*,#836,.T.);
#632=ORIENTED_EDGE('',*,*,#837,.T.);
#633=ORIENTED_EDGE('',*,*,#827,.T.);
#634=ORIENTED_EDGE('',*,*,#835,.F.);
#635=ORIENTED_EDGE('',*,*,#806,.F.);
#636=ORIENTED_EDGE('',*,*,#838,.T.);
#637=ORIENTED_EDGE('',*,*,#820,.F.);
#638=ORIENTED_EDGE('',*,*,#838,.F.);
#639=ORIENTED_EDGE('',*,*,#805,.T.);
#640=ORIENTED_EDGE('',*,*,#828,.T.);
#641=ORIENTED_EDGE('',*,*,#794,.T.);
#642=ORIENTED_EDGE('',*,*,#839,.F.);
#643=ORIENTED_EDGE('',*,*,#837,.F.);
#644=ORIENTED_EDGE('',*,*,#840,.T.);
#645=ORIENTED_EDGE('',*,*,#797,.T.);
#646=ORIENTED_EDGE('',*,*,#834,.T.);
#647=ORIENTED_EDGE('',*,*,#839,.T.);
#648=ORIENTED_EDGE('',*,*,#793,.F.);
#649=ORIENTED_EDGE('',*,*,#795,.T.);
#650=ORIENTED_EDGE('',*,*,#840,.F.);
#651=ORIENTED_EDGE('',*,*,#836,.F.);
#652=ORIENTED_EDGE('',*,*,#798,.F.);
#653=EDGE_CURVE('',#841,#842,#977,.T.);
#654=EDGE_CURVE('',#843,#841,#61,.T.);
#655=EDGE_CURVE('',#843,#844,#978,.T.);
#656=EDGE_CURVE('',#844,#842,#62,.T.);
#657=EDGE_CURVE('',#841,#845,#63,.T.);
#658=EDGE_CURVE('',#846,#845,#64,.T.);
#659=EDGE_CURVE('',#843,#846,#65,.T.);
#660=EDGE_CURVE('',#847,#845,#979,.T.);
#661=EDGE_CURVE('',#848,#847,#66,.T.);
#662=EDGE_CURVE('',#848,#846,#980,.T.);
#663=EDGE_CURVE('',#847,#849,#67,.T.);
#664=EDGE_CURVE('',#850,#849,#68,.T.);
#665=EDGE_CURVE('',#848,#850,#69,.T.);
#666=EDGE_CURVE('',#851,#849,#981,.T.);
#667=EDGE_CURVE('',#852,#851,#70,.T.);
#668=EDGE_CURVE('',#852,#850,#982,.T.);
#669=EDGE_CURVE('',#853,#851,#71,.T.);
#670=EDGE_CURVE('',#854,#853,#72,.T.);
#671=EDGE_CURVE('',#854,#852,#73,.T.);
#672=EDGE_CURVE('',#855,#853,#983,.T.);
#673=EDGE_CURVE('',#856,#855,#74,.T.);
#674=EDGE_CURVE('',#856,#854,#984,.T.);
#675=EDGE_CURVE('',#857,#858,#985,.T.);
#676=EDGE_CURVE('',#859,#857,#75,.T.);
#677=EDGE_CURVE('',#859,#860,#986,.T.);
#678=EDGE_CURVE('',#860,#858,#76,.T.);
#679=EDGE_CURVE('',#857,#861,#77,.T.);
#680=EDGE_CURVE('',#862,#861,#78,.T.);
#681=EDGE_CURVE('',#859,#862,#79,.T.);
#682=EDGE_CURVE('',#863,#861,#987,.T.);
#683=EDGE_CURVE('',#864,#863,#80,.T.);
#684=EDGE_CURVE('',#864,#862,#988,.T.);
#685=EDGE_CURVE('',#865,#863,#81,.T.);
#686=EDGE_CURVE('',#866,#865,#82,.T.);
#687=EDGE_CURVE('',#866,#864,#83,.T.);
#688=EDGE_CURVE('',#867,#865,#989,.T.);
#689=EDGE_CURVE('',#868,#867,#84,.T.);
#690=EDGE_CURVE('',#868,#866,#990,.T.);
#691=EDGE_CURVE('',#869,#867,#85,.T.);
#692=EDGE_CURVE('',#870,#869,#86,.T.);
#693=EDGE_CURVE('',#870,#868,#87,.T.);
#694=EDGE_CURVE('',#871,#869,#991,.T.);
#695=EDGE_CURVE('',#872,#871,#88,.T.);
#696=EDGE_CURVE('',#872,#870,#992,.T.);
#697=EDGE_CURVE('',#873,#874,#993,.T.);
#698=EDGE_CURVE('',#875,#873,#89,.T.);
#699=EDGE_CURVE('',#875,#876,#994,.T.);
#700=EDGE_CURVE('',#876,#874,#90,.T.);
#701=EDGE_CURVE('',#873,#877,#91,.T.);
#702=EDGE_CURVE('',#878,#877,#92,.T.);
#703=EDGE_CURVE('',#875,#878,#93,.T.);
#704=EDGE_CURVE('',#879,#877,#995,.T.);
#705=EDGE_CURVE('',#880,#879,#94,.T.);
#706=EDGE_CURVE('',#880,#878,#996,.T.);
#707=EDGE_CURVE('',#879,#881,#95,.T.);
#708=EDGE_CURVE('',#882,#881,#96,.T.);
#709=EDGE_CURVE('',#880,#882,#97,.T.);
#710=EDGE_CURVE('',#883,#881,#997,.T.);
#711=EDGE_CURVE('',#884,#883,#98,.T.);
#712=EDGE_CURVE('',#884,#882,#998,.T.);
#713=EDGE_CURVE('',#883,#885,#99,.T.);
#714=EDGE_CURVE('',#886,#885,#100,.T.);
#715=EDGE_CURVE('',#884,#886,#101,.T.);
#716=EDGE_CURVE('',#887,#885,#999,.T.);
#717=EDGE_CURVE('',#888,#887,#102,.T.);
#718=EDGE_CURVE('',#888,#886,#1000,.T.);
#719=EDGE_CURVE('',#889,#887,#103,.T.);
#720=EDGE_CURVE('',#890,#889,#104,.T.);
#721=EDGE_CURVE('',#890,#888,#105,.T.);
#722=EDGE_CURVE('',#891,#889,#1001,.T.);
#723=EDGE_CURVE('',#892,#891,#106,.T.);
#724=EDGE_CURVE('',#892,#890,#1002,.T.);
#725=EDGE_CURVE('',#893,#891,#107,.T.);
#726=EDGE_CURVE('',#894,#893,#108,.T.);
#727=EDGE_CURVE('',#894,#892,#109,.T.);
#728=EDGE_CURVE('',#895,#893,#1003,.T.);
#729=EDGE_CURVE('',#896,#895,#110,.T.);
#730=EDGE_CURVE('',#896,#894,#1004,.T.);
#731=EDGE_CURVE('',#897,#895,#111,.T.);
#732=EDGE_CURVE('',#898,#897,#112,.T.);
#733=EDGE_CURVE('',#898,#896,#113,.T.);
#734=EDGE_CURVE('',#899,#897,#1005,.T.);
#735=EDGE_CURVE('',#900,#899,#114,.T.);
#736=EDGE_CURVE('',#900,#898,#1006,.T.);
#737=EDGE_CURVE('',#901,#899,#115,.T.);
#738=EDGE_CURVE('',#902,#901,#116,.T.);
#739=EDGE_CURVE('',#902,#900,#117,.T.);
#740=EDGE_CURVE('',#903,#901,#1007,.T.);
#741=EDGE_CURVE('',#904,#903,#118,.T.);
#742=EDGE_CURVE('',#904,#902,#1008,.T.);
#743=EDGE_CURVE('',#871,#858,#119,.T.);
#744=EDGE_CURVE('',#872,#860,#120,.T.);
#745=EDGE_CURVE('',#905,#905,#1009,.T.);
#746=EDGE_CURVE('',#906,#906,#1010,.F.);
#747=EDGE_CURVE('',#907,#907,#1011,.T.);
#748=EDGE_CURVE('',#908,#908,#1012,.F.);
#749=EDGE_CURVE('',#909,#909,#1013,.T.);
#750=EDGE_CURVE('',#910,#910,#1014,.F.);
#751=EDGE_CURVE('',#911,#911,#1015,.T.);
#752=EDGE_CURVE('',#912,#912,#1016,.F.);
#753=EDGE_CURVE('',#913,#913,#1017,.T.);
#754=EDGE_CURVE('',#914,#914,#1018,.F.);
#755=EDGE_CURVE('',#915,#915,#1019,.T.);
#756=EDGE_CURVE('',#916,#916,#1020,.F.);
#757=EDGE_CURVE('',#903,#874,#121,.T.);
#758=EDGE_CURVE('',#904,#876,#122,.T.);
#759=EDGE_CURVE('',#842,#855,#123,.T.);
#760=EDGE_CURVE('',#844,#856,#124,.T.);
#761=EDGE_CURVE('',#917,#918,#1021,.T.);
#762=EDGE_CURVE('',#919,#918,#125,.T.);
#763=EDGE_CURVE('',#919,#920,#1022,.T.);
#764=EDGE_CURVE('',#920,#921,#126,.T.);
#765=EDGE_CURVE('',#921,#922,#1023,.T.);
#766=EDGE_CURVE('',#922,#923,#127,.T.);
#767=EDGE_CURVE('',#923,#924,#1024,.T.);
#768=EDGE_CURVE('',#917,#924,#128,.T.);
#769=EDGE_CURVE('',#925,#925,#1025,.T.);
#770=EDGE_CURVE('',#926,#926,#1026,.T.);
#771=EDGE_CURVE('',#927,#927,#1027,.T.);
#772=EDGE_CURVE('',#928,#928,#1028,.T.);
#773=EDGE_CURVE('',#929,#929,#1029,.T.);
#774=EDGE_CURVE('',#930,#930,#1030,.T.);
#775=EDGE_CURVE('',#931,#931,#1031,.T.);
#776=EDGE_CURVE('',#932,#932,#1032,.T.);
#777=EDGE_CURVE('',#933,#917,#129,.T.);
#778=EDGE_CURVE('',#933,#934,#1033,.T.);
#779=EDGE_CURVE('',#934,#918,#130,.T.);
#780=EDGE_CURVE('',#935,#924,#131,.T.);
#781=EDGE_CURVE('',#933,#935,#132,.T.);
#782=EDGE_CURVE('',#936,#923,#133,.T.);
#783=EDGE_CURVE('',#936,#935,#1034,.T.);
#784=EDGE_CURVE('',#937,#922,#134,.T.);
#785=EDGE_CURVE('',#937,#936,#135,.T.);
#786=EDGE_CURVE('',#938,#921,#136,.T.);
#787=EDGE_CURVE('',#938,#937,#1035,.T.);
#788=EDGE_CURVE('',#939,#920,#137,.T.);
#789=EDGE_CURVE('',#939,#938,#138,.T.);
#790=EDGE_CURVE('',#940,#919,#139,.T.);
#791=EDGE_CURVE('',#940,#939,#1036,.T.);
#792=EDGE_CURVE('',#941,#934,#140,.T.);
#793=EDGE_CURVE('',#941,#942,#141,.T.);
#794=EDGE_CURVE('',#943,#942,#142,.T.);
#795=EDGE_CURVE('',#944,#943,#143,.T.);
#796=EDGE_CURVE('',#940,#944,#144,.T.);
#797=EDGE_CURVE('',#941,#945,#145,.T.);
#798=EDGE_CURVE('',#944,#946,#146,.T.);
#799=EDGE_CURVE('',#947,#946,#147,.T.);
#800=EDGE_CURVE('',#947,#948,#1037,.T.);
#801=EDGE_CURVE('',#948,#949,#148,.T.);
#802=EDGE_CURVE('',#949,#950,#1038,.T.);
#803=EDGE_CURVE('',#950,#951,#149,.T.);
#804=EDGE_CURVE('',#951,#952,#1039,.T.);
#805=EDGE_CURVE('',#953,#952,#150,.T.);
#806=EDGE_CURVE('',#953,#954,#1040,.T.);
#807=EDGE_CURVE('',#945,#954,#151,.T.);
#808=EDGE_CURVE('',#955,#955,#1041,.T.);
#809=EDGE_CURVE('',#956,#956,#1042,.T.);
#810=EDGE_CURVE('',#957,#957,#1043,.T.);
#811=EDGE_CURVE('',#958,#958,#1044,.T.);
#812=EDGE_CURVE('',#959,#959,#1045,.T.);
#813=EDGE_CURVE('',#960,#960,#1046,.T.);
#814=EDGE_CURVE('',#961,#961,#1047,.F.);
#815=EDGE_CURVE('',#962,#962,#1048,.F.);
#816=EDGE_CURVE('',#963,#963,#1049,.F.);
#817=EDGE_CURVE('',#964,#964,#1050,.F.);
#818=EDGE_CURVE('',#965,#965,#1051,.F.);
#819=EDGE_CURVE('',#966,#966,#1052,.F.);
#820=EDGE_CURVE('',#967,#968,#152,.T.);
#821=EDGE_CURVE('',#969,#968,#1053,.T.);
#822=EDGE_CURVE('',#970,#969,#153,.T.);
#823=EDGE_CURVE('',#971,#970,#1054,.T.);
#824=EDGE_CURVE('',#972,#971,#154,.T.);
#825=EDGE_CURVE('',#973,#972,#1055,.T.);
#826=EDGE_CURVE('',#973,#974,#155,.T.);
#827=EDGE_CURVE('',#967,#974,#1056,.T.);
#828=EDGE_CURVE('',#952,#968,#156,.T.);
#829=EDGE_CURVE('',#951,#969,#157,.T.);
#830=EDGE_CURVE('',#950,#970,#158,.T.);
#831=EDGE_CURVE('',#949,#971,#159,.T.);
#832=EDGE_CURVE('',#948,#972,#160,.T.);
#833=EDGE_CURVE('',#947,#973,#161,.T.);
#834=EDGE_CURVE('',#945,#975,#162,.T.);
#835=EDGE_CURVE('',#954,#974,#163,.T.);
#836=EDGE_CURVE('',#946,#976,#164,.T.);
#837=EDGE_CURVE('',#976,#975,#165,.T.);
#838=EDGE_CURVE('',#953,#967,#166,.T.);
#839=EDGE_CURVE('',#975,#942,#167,.T.);
#840=EDGE_CURVE('',#976,#943,#168,.T.);
#841=VERTEX_POINT('',#2067);
#842=VERTEX_POINT('',#2068);
#843=VERTEX_POINT('',#2070);
#844=VERTEX_POINT('',#2072);
#845=VERTEX_POINT('',#2076);
#846=VERTEX_POINT('',#2078);
#847=VERTEX_POINT('',#2082);
#848=VERTEX_POINT('',#2084);
#849=VERTEX_POINT('',#2088);
#850=VERTEX_POINT('',#2090);
#851=VERTEX_POINT('',#2094);
#852=VERTEX_POINT('',#2096);
#853=VERTEX_POINT('',#2100);
#854=VERTEX_POINT('',#2102);
#855=VERTEX_POINT('',#2106);
#856=VERTEX_POINT('',#2108);
#857=VERTEX_POINT('',#2112);
#858=VERTEX_POINT('',#2113);
#859=VERTEX_POINT('',#2115);
#860=VERTEX_POINT('',#2117);
#861=VERTEX_POINT('',#2121);
#862=VERTEX_POINT('',#2123);
#863=VERTEX_POINT('',#2127);
#864=VERTEX_POINT('',#2129);
#865=VERTEX_POINT('',#2133);
#866=VERTEX_POINT('',#2135);
#867=VERTEX_POINT('',#2139);
#868=VERTEX_POINT('',#2141);
#869=VERTEX_POINT('',#2145);
#870=VERTEX_POINT('',#2147);
#871=VERTEX_POINT('',#2151);
#872=VERTEX_POINT('',#2153);
#873=VERTEX_POINT('',#2157);
#874=VERTEX_POINT('',#2158);
#875=VERTEX_POINT('',#2160);
#876=VERTEX_POINT('',#2162);
#877=VERTEX_POINT('',#2166);
#878=VERTEX_POINT('',#2168);
#879=VERTEX_POINT('',#2172);
#880=VERTEX_POINT('',#2174);
#881=VERTEX_POINT('',#2178);
#882=VERTEX_POINT('',#2180);
#883=VERTEX_POINT('',#2184);
#884=VERTEX_POINT('',#2186);
#885=VERTEX_POINT('',#2190);
#886=VERTEX_POINT('',#2192);
#887=VERTEX_POINT('',#2196);
#888=VERTEX_POINT('',#2198);
#889=VERTEX_POINT('',#2202);
#890=VERTEX_POINT('',#2204);
#891=VERTEX_POINT('',#2208);
#892=VERTEX_POINT('',#2210);
#893=VERTEX_POINT('',#2214);
#894=VERTEX_POINT('',#2216);
#895=VERTEX_POINT('',#2220);
#896=VERTEX_POINT('',#2222);
#897=VERTEX_POINT('',#2226);
#898=VERTEX_POINT('',#2228);
#899=VERTEX_POINT('',#2232);
#900=VERTEX_POINT('',#2234);
#901=VERTEX_POINT('',#2238);
#902=VERTEX_POINT('',#2240);
#903=VERTEX_POINT('',#2244);
#904=VERTEX_POINT('',#2246);
#905=VERTEX_POINT('',#2253);
#906=VERTEX_POINT('',#2255);
#907=VERTEX_POINT('',#2258);
#908=VERTEX_POINT('',#2260);
#909=VERTEX_POINT('',#2263);
#910=VERTEX_POINT('',#2265);
#911=VERTEX_POINT('',#2268);
#912=VERTEX_POINT('',#2270);
#913=VERTEX_POINT('',#2273);
#914=VERTEX_POINT('',#2275);
#915=VERTEX_POINT('',#2278);
#916=VERTEX_POINT('',#2280);
#917=VERTEX_POINT('',#2289);
#918=VERTEX_POINT('',#2290);
#919=VERTEX_POINT('',#2292);
#920=VERTEX_POINT('',#2294);
#921=VERTEX_POINT('',#2296);
#922=VERTEX_POINT('',#2298);
#923=VERTEX_POINT('',#2300);
#924=VERTEX_POINT('',#2302);
#925=VERTEX_POINT('',#2307);
#926=VERTEX_POINT('',#2309);
#927=VERTEX_POINT('',#2311);
#928=VERTEX_POINT('',#2313);
#929=VERTEX_POINT('',#2323);
#930=VERTEX_POINT('',#2327);
#931=VERTEX_POINT('',#2331);
#932=VERTEX_POINT('',#2335);
#933=VERTEX_POINT('',#2339);
#934=VERTEX_POINT('',#2341);
#935=VERTEX_POINT('',#2345);
#936=VERTEX_POINT('',#2349);
#937=VERTEX_POINT('',#2353);
#938=VERTEX_POINT('',#2357);
#939=VERTEX_POINT('',#2361);
#940=VERTEX_POINT('',#2365);
#941=VERTEX_POINT('',#2369);
#942=VERTEX_POINT('',#2371);
#943=VERTEX_POINT('',#2373);
#944=VERTEX_POINT('',#2375);
#945=VERTEX_POINT('',#2379);
#946=VERTEX_POINT('',#2381);
#947=VERTEX_POINT('',#2383);
#948=VERTEX_POINT('',#2385);
#949=VERTEX_POINT('',#2387);
#950=VERTEX_POINT('',#2389);
#951=VERTEX_POINT('',#2391);
#952=VERTEX_POINT('',#2393);
#953=VERTEX_POINT('',#2395);
#954=VERTEX_POINT('',#2397);
#955=VERTEX_POINT('',#2400);
#956=VERTEX_POINT('',#2402);
#957=VERTEX_POINT('',#2404);
#958=VERTEX_POINT('',#2406);
#959=VERTEX_POINT('',#2408);
#960=VERTEX_POINT('',#2410);
#961=VERTEX_POINT('',#2413);
#962=VERTEX_POINT('',#2417);
#963=VERTEX_POINT('',#2421);
#964=VERTEX_POINT('',#2425);
#965=VERTEX_POINT('',#2429);
#966=VERTEX_POINT('',#2433);
#967=VERTEX_POINT('',#2437);
#968=VERTEX_POINT('',#2438);
#969=VERTEX_POINT('',#2440);
#970=VERTEX_POINT('',#2442);
#971=VERTEX_POINT('',#2444);
#972=VERTEX_POINT('',#2446);
#973=VERTEX_POINT('',#2448);
#974=VERTEX_POINT('',#2450);
#975=VERTEX_POINT('',#2465);
#976=VERTEX_POINT('',#2468);
#977=CIRCLE('',#1448,0.005);
#978=CIRCLE('',#1449,0.005);
#979=CIRCLE('',#1452,0.005);
#980=CIRCLE('',#1453,0.005);
#981=CIRCLE('',#1456,0.005);
#982=CIRCLE('',#1457,0.005);
#983=CIRCLE('',#1460,0.005);
#984=CIRCLE('',#1461,0.005);
#985=CIRCLE('',#1463,0.005);
#986=CIRCLE('',#1464,0.005);
#987=CIRCLE('',#1467,0.005);
#988=CIRCLE('',#1468,0.005);
#989=CIRCLE('',#1471,0.00499999999999994);
#990=CIRCLE('',#1472,0.00499999999999994);
#991=CIRCLE('',#1475,0.00499999999999994);
#992=CIRCLE('',#1476,0.00499999999999994);
#993=CIRCLE('',#1478,0.003);
#994=CIRCLE('',#1479,0.003);
#995=CIRCLE('',#1482,0.003);
#996=CIRCLE('',#1483,0.003);
#997=CIRCLE('',#1486,0.005);
#998=CIRCLE('',#1487,0.005);
#999=CIRCLE('',#1490,0.005);
#1000=CIRCLE('',#1491,0.005);
#1001=CIRCLE('',#1494,0.003);
#1002=CIRCLE('',#1495,0.003);
#1003=CIRCLE('',#1498,0.003);
#1004=CIRCLE('',#1499,0.003);
#1005=CIRCLE('',#1502,0.005);
#1006=CIRCLE('',#1503,0.005);
#1007=CIRCLE('',#1506,0.005);
#1008=CIRCLE('',#1507,0.005);
#1009=CIRCLE('',#1510,0.00235);
#1010=CIRCLE('',#1511,0.00235);
#1011=CIRCLE('',#1513,0.00235);
#1012=CIRCLE('',#1514,0.00235);
#1013=CIRCLE('',#1516,0.00235);
#1014=CIRCLE('',#1517,0.00235);
#1015=CIRCLE('',#1519,0.00235);
#1016=CIRCLE('',#1520,0.00235);
#1017=CIRCLE('',#1522,0.00235);
#1018=CIRCLE('',#1523,0.00235);
#1019=CIRCLE('',#1525,0.00235);
#1020=CIRCLE('',#1526,0.00235);
#1021=CIRCLE('',#1530,0.005);
#1022=CIRCLE('',#1531,0.005);
#1023=CIRCLE('',#1532,0.005);
#1024=CIRCLE('',#1533,0.005);
#1025=CIRCLE('',#1536,0.00225);
#1026=CIRCLE('',#1537,0.00225);
#1027=CIRCLE('',#1538,0.00225);
#1028=CIRCLE('',#1539,0.00225);
#1029=CIRCLE('',#1548,0.00225);
#1030=CIRCLE('',#1551,0.00225);
#1031=CIRCLE('',#1554,0.00225);
#1032=CIRCLE('',#1557,0.00225);
#1033=CIRCLE('',#1560,0.005);
#1034=CIRCLE('',#1563,0.005);
#1035=CIRCLE('',#1566,0.005);
#1036=CIRCLE('',#1569,0.005);
#1037=CIRCLE('',#1572,0.00500000000000011);
#1038=CIRCLE('',#1573,0.005);
#1039=CIRCLE('',#1574,0.005);
#1040=CIRCLE('',#1575,0.00500000000000009);
#1041=CIRCLE('',#1576,0.00235);
#1042=CIRCLE('',#1577,0.00235);
#1043=CIRCLE('',#1578,0.00235);
#1044=CIRCLE('',#1579,0.00235);
#1045=CIRCLE('',#1580,0.00235);
#1046=CIRCLE('',#1581,0.00235);
#1047=CIRCLE('',#1583,0.00235);
#1048=CIRCLE('',#1586,0.00235);
#1049=CIRCLE('',#1589,0.00235);
#1050=CIRCLE('',#1592,0.00235);
#1051=CIRCLE('',#1595,0.00235);
#1052=CIRCLE('',#1598,0.00235);
#1053=CIRCLE('',#1601,0.005);
#1054=CIRCLE('',#1602,0.005);
#1055=CIRCLE('',#1603,0.00500000000000011);
#1056=CIRCLE('',#1604,0.00500000000000009);
#1057=EDGE_LOOP('',(#277,#278,#279,#280));
#1058=EDGE_LOOP('',(#281,#282,#283,#284));
#1059=EDGE_LOOP('',(#285,#286,#287,#288));
#1060=EDGE_LOOP('',(#289,#290,#291,#292));
#1061=EDGE_LOOP('',(#293,#294,#295,#296));
#1062=EDGE_LOOP('',(#297,#298,#299,#300));
#1063=EDGE_LOOP('',(#301,#302,#303,#304));
#1064=EDGE_LOOP('',(#305,#306,#307,#308));
#1065=EDGE_LOOP('',(#309,#310,#311,#312));
#1066=EDGE_LOOP('',(#313,#314,#315,#316));
#1067=EDGE_LOOP('',(#317,#318,#319,#320));
#1068=EDGE_LOOP('',(#321,#322,#323,#324));
#1069=EDGE_LOOP('',(#325,#326,#327,#328));
#1070=EDGE_LOOP('',(#329,#330,#331,#332));
#1071=EDGE_LOOP('',(#333,#334,#335,#336));
#1072=EDGE_LOOP('',(#337,#338,#339,#340));
#1073=EDGE_LOOP('',(#341,#342,#343,#344));
#1074=EDGE_LOOP('',(#345,#346,#347,#348));
#1075=EDGE_LOOP('',(#349,#350,#351,#352));
#1076=EDGE_LOOP('',(#353,#354,#355,#356));
#1077=EDGE_LOOP('',(#357,#358,#359,#360));
#1078=EDGE_LOOP('',(#361,#362,#363,#364));
#1079=EDGE_LOOP('',(#365,#366,#367,#368));
#1080=EDGE_LOOP('',(#369,#370,#371,#372));
#1081=EDGE_LOOP('',(#373,#374,#375,#376));
#1082=EDGE_LOOP('',(#377,#378,#379,#380));
#1083=EDGE_LOOP('',(#381,#382,#383,#384));
#1084=EDGE_LOOP('',(#385,#386,#387,#388));
#1085=EDGE_LOOP('',(#389,#390,#391,#392));
#1086=EDGE_LOOP('',(#393,#394,#395,#396));
#1087=EDGE_LOOP('',(#397));
#1088=EDGE_LOOP('',(#398));
#1089=EDGE_LOOP('',(#399));
#1090=EDGE_LOOP('',(#400));
#1091=EDGE_LOOP('',(#401));
#1092=EDGE_LOOP('',(#402));
#1093=EDGE_LOOP('',(#403));
#1094=EDGE_LOOP('',(#404));
#1095=EDGE_LOOP('',(#405));
#1096=EDGE_LOOP('',(#406));
#1097=EDGE_LOOP('',(#407));
#1098=EDGE_LOOP('',(#408));
#1099=EDGE_LOOP('',(#409,#410,#411,#412));
#1100=EDGE_LOOP('',(#413,#414,#415,#416));
#1101=EDGE_LOOP('',(#417,#418,#419,#420,#421,#422,#423,#424));
#1102=EDGE_LOOP('',(#425,#426,#427,#428,#429,#430,#431,#432,#433,#434,#435,
#436,#437,#438,#439,#440));
#1103=EDGE_LOOP('',(#441));
#1104=EDGE_LOOP('',(#442));
#1105=EDGE_LOOP('',(#443));
#1106=EDGE_LOOP('',(#444));
#1107=EDGE_LOOP('',(#445));
#1108=EDGE_LOOP('',(#446));
#1109=EDGE_LOOP('',(#447,#448,#449,#450,#451,#452,#453,#454));
#1110=EDGE_LOOP('',(#455,#456,#457,#458,#459,#460,#461,#462));
#1111=EDGE_LOOP('',(#463,#464,#465,#466,#467,#468,#469,#470));
#1112=EDGE_LOOP('',(#471));
#1113=EDGE_LOOP('',(#472));
#1114=EDGE_LOOP('',(#473));
#1115=EDGE_LOOP('',(#474));
#1116=EDGE_LOOP('',(#475,#476,#477,#478,#479,#480,#481,#482,#483,#484,#485,
#486,#487,#488,#489,#490));
#1117=EDGE_LOOP('',(#491));
#1118=EDGE_LOOP('',(#492));
#1119=EDGE_LOOP('',(#493));
#1120=EDGE_LOOP('',(#494));
#1121=EDGE_LOOP('',(#495));
#1122=EDGE_LOOP('',(#496));
#1123=EDGE_LOOP('',(#497,#498,#499,#500,#501,#502,#503,#504));
#1124=EDGE_LOOP('',(#505));
#1125=EDGE_LOOP('',(#506));
#1126=EDGE_LOOP('',(#507));
#1127=EDGE_LOOP('',(#508));
#1128=EDGE_LOOP('',(#509));
#1129=EDGE_LOOP('',(#510));
#1130=EDGE_LOOP('',(#511));
#1131=EDGE_LOOP('',(#512));
#1132=EDGE_LOOP('',(#513));
#1133=EDGE_LOOP('',(#514));
#1134=EDGE_LOOP('',(#515));
#1135=EDGE_LOOP('',(#516));
#1136=EDGE_LOOP('',(#517,#518,#519,#520));
#1137=EDGE_LOOP('',(#521,#522,#523,#524));
#1138=EDGE_LOOP('',(#525,#526,#527,#528));
#1139=EDGE_LOOP('',(#529,#530,#531,#532));
#1140=EDGE_LOOP('',(#533,#534,#535,#536));
#1141=EDGE_LOOP('',(#537,#538,#539,#540));
#1142=EDGE_LOOP('',(#541,#542,#543,#544));
#1143=EDGE_LOOP('',(#545,#546,#547,#548,#549,#550,#551,#552));
#1144=EDGE_LOOP('',(#553,#554,#555,#556,#557,#558,#559,#560,#561,#562,#563,
#564,#565,#566,#567,#568,#569,#570,#571,#572));
#1145=EDGE_LOOP('',(#573));
#1146=EDGE_LOOP('',(#574));
#1147=EDGE_LOOP('',(#575));
#1148=EDGE_LOOP('',(#576));
#1149=EDGE_LOOP('',(#577));
#1150=EDGE_LOOP('',(#578));
#1151=EDGE_LOOP('',(#579));
#1152=EDGE_LOOP('',(#580));
#1153=EDGE_LOOP('',(#581));
#1154=EDGE_LOOP('',(#582));
#1155=EDGE_LOOP('',(#583));
#1156=EDGE_LOOP('',(#584));
#1157=EDGE_LOOP('',(#585));
#1158=EDGE_LOOP('',(#586));
#1159=EDGE_LOOP('',(#587));
#1160=EDGE_LOOP('',(#588));
#1161=EDGE_LOOP('',(#589));
#1162=EDGE_LOOP('',(#590));
#1163=EDGE_LOOP('',(#591));
#1164=EDGE_LOOP('',(#592));
#1165=EDGE_LOOP('',(#593));
#1166=EDGE_LOOP('',(#594));
#1167=EDGE_LOOP('',(#595));
#1168=EDGE_LOOP('',(#596));
#1169=EDGE_LOOP('',(#597,#598,#599,#600,#601,#602,#603,#604));
#1170=EDGE_LOOP('',(#605,#606,#607,#608));
#1171=EDGE_LOOP('',(#609,#610,#611,#612));
#1172=EDGE_LOOP('',(#613,#614,#615,#616));
#1173=EDGE_LOOP('',(#617,#618,#619,#620));
#1174=EDGE_LOOP('',(#621,#622,#623,#624));
#1175=EDGE_LOOP('',(#625,#626,#627,#628,#629,#630,#631,#632));
#1176=EDGE_LOOP('',(#633,#634,#635,#636));
#1177=EDGE_LOOP('',(#637,#638,#639,#640));
#1178=EDGE_LOOP('',(#641,#642,#643,#644));
#1179=EDGE_LOOP('',(#645,#646,#647,#648));
#1180=EDGE_LOOP('',(#649,#650,#651,#652));
#1181=FACE_BOUND('',#1057,.T.);
#1182=FACE_BOUND('',#1058,.T.);
#1183=FACE_BOUND('',#1059,.T.);
#1184=FACE_BOUND('',#1060,.T.);
#1185=FACE_BOUND('',#1061,.T.);
#1186=FACE_BOUND('',#1062,.T.);
#1187=FACE_BOUND('',#1063,.T.);
#1188=FACE_BOUND('',#1064,.T.);
#1189=FACE_BOUND('',#1065,.T.);
#1190=FACE_BOUND('',#1066,.T.);
#1191=FACE_BOUND('',#1067,.T.);
#1192=FACE_BOUND('',#1068,.T.);
#1193=FACE_BOUND('',#1069,.T.);
#1194=FACE_BOUND('',#1070,.T.);
#1195=FACE_BOUND('',#1071,.T.);
#1196=FACE_BOUND('',#1072,.T.);
#1197=FACE_BOUND('',#1073,.T.);
#1198=FACE_BOUND('',#1074,.T.);
#1199=FACE_BOUND('',#1075,.T.);
#1200=FACE_BOUND('',#1076,.T.);
#1201=FACE_BOUND('',#1077,.T.);
#1202=FACE_BOUND('',#1078,.T.);
#1203=FACE_BOUND('',#1079,.T.);
#1204=FACE_BOUND('',#1080,.T.);
#1205=FACE_BOUND('',#1081,.T.);
#1206=FACE_BOUND('',#1082,.T.);
#1207=FACE_BOUND('',#1083,.T.);
#1208=FACE_BOUND('',#1084,.T.);
#1209=FACE_BOUND('',#1085,.T.);
#1210=FACE_BOUND('',#1086,.T.);
#1211=FACE_BOUND('',#1087,.T.);
#1212=FACE_BOUND('',#1088,.T.);
#1213=FACE_BOUND('',#1089,.T.);
#1214=FACE_BOUND('',#1090,.T.);
#1215=FACE_BOUND('',#1091,.T.);
#1216=FACE_BOUND('',#1092,.T.);
#1217=FACE_BOUND('',#1093,.T.);
#1218=FACE_BOUND('',#1094,.T.);
#1219=FACE_BOUND('',#1095,.T.);
#1220=FACE_BOUND('',#1096,.T.);
#1221=FACE_BOUND('',#1097,.T.);
#1222=FACE_BOUND('',#1098,.T.);
#1223=FACE_BOUND('',#1099,.T.);
#1224=FACE_BOUND('',#1100,.T.);
#1225=FACE_BOUND('',#1101,.T.);
#1226=FACE_BOUND('',#1102,.T.);
#1227=FACE_BOUND('',#1103,.T.);
#1228=FACE_BOUND('',#1104,.T.);
#1229=FACE_BOUND('',#1105,.T.);
#1230=FACE_BOUND('',#1106,.T.);
#1231=FACE_BOUND('',#1107,.T.);
#1232=FACE_BOUND('',#1108,.T.);
#1233=FACE_BOUND('',#1109,.T.);
#1234=FACE_BOUND('',#1110,.T.);
#1235=FACE_BOUND('',#1111,.T.);
#1236=FACE_BOUND('',#1112,.T.);
#1237=FACE_BOUND('',#1113,.T.);
#1238=FACE_BOUND('',#1114,.T.);
#1239=FACE_BOUND('',#1115,.T.);
#1240=FACE_BOUND('',#1116,.T.);
#1241=FACE_BOUND('',#1117,.T.);
#1242=FACE_BOUND('',#1118,.T.);
#1243=FACE_BOUND('',#1119,.T.);
#1244=FACE_BOUND('',#1120,.T.);
#1245=FACE_BOUND('',#1121,.T.);
#1246=FACE_BOUND('',#1122,.T.);
#1247=FACE_BOUND('',#1123,.T.);
#1248=FACE_BOUND('',#1124,.T.);
#1249=FACE_BOUND('',#1125,.T.);
#1250=FACE_BOUND('',#1126,.T.);
#1251=FACE_BOUND('',#1127,.T.);
#1252=FACE_BOUND('',#1128,.T.);
#1253=FACE_BOUND('',#1129,.T.);
#1254=FACE_BOUND('',#1130,.T.);
#1255=FACE_BOUND('',#1131,.T.);
#1256=FACE_BOUND('',#1132,.T.);
#1257=FACE_BOUND('',#1133,.T.);
#1258=FACE_BOUND('',#1134,.T.);
#1259=FACE_BOUND('',#1135,.T.);
#1260=FACE_BOUND('',#1136,.T.);
#1261=FACE_BOUND('',#1137,.T.);
#1262=FACE_BOUND('',#1138,.T.);
#1263=FACE_BOUND('',#1139,.T.);
#1264=FACE_BOUND('',#1140,.T.);
#1265=FACE_BOUND('',#1141,.T.);
#1266=FACE_BOUND('',#1142,.T.);
#1267=FACE_BOUND('',#1143,.T.);
#1268=FACE_BOUND('',#1144,.T.);
#1269=FACE_BOUND('',#1145,.T.);
#1270=FACE_BOUND('',#1146,.T.);
#1271=FACE_BOUND('',#1147,.T.);
#1272=FACE_BOUND('',#1148,.T.);
#1273=FACE_BOUND('',#1149,.T.);
#1274=FACE_BOUND('',#1150,.T.);
#1275=FACE_BOUND('',#1151,.T.);
#1276=FACE_BOUND('',#1152,.T.);
#1277=FACE_BOUND('',#1153,.T.);
#1278=FACE_BOUND('',#1154,.T.);
#1279=FACE_BOUND('',#1155,.T.);
#1280=FACE_BOUND('',#1156,.T.);
#1281=FACE_BOUND('',#1157,.T.);
#1282=FACE_BOUND('',#1158,.T.);
#1283=FACE_BOUND('',#1159,.T.);
#1284=FACE_BOUND('',#1160,.T.);
#1285=FACE_BOUND('',#1161,.T.);
#1286=FACE_BOUND('',#1162,.T.);
#1287=FACE_BOUND('',#1163,.T.);
#1288=FACE_BOUND('',#1164,.T.);
#1289=FACE_BOUND('',#1165,.T.);
#1290=FACE_BOUND('',#1166,.T.);
#1291=FACE_BOUND('',#1167,.T.);
#1292=FACE_BOUND('',#1168,.T.);
#1293=FACE_BOUND('',#1169,.T.);
#1294=FACE_BOUND('',#1170,.T.);
#1295=FACE_BOUND('',#1171,.T.);
#1296=FACE_BOUND('',#1172,.T.);
#1297=FACE_BOUND('',#1173,.T.);
#1298=FACE_BOUND('',#1174,.T.);
#1299=FACE_BOUND('',#1175,.T.);
#1300=FACE_BOUND('',#1176,.T.);
#1301=FACE_BOUND('',#1177,.T.);
#1302=FACE_BOUND('',#1178,.T.);
#1303=FACE_BOUND('',#1179,.T.);
#1304=FACE_BOUND('',#1180,.T.);
#1305=CYLINDRICAL_SURFACE('',#1447,0.005);
#1306=CYLINDRICAL_SURFACE('',#1451,0.005);
#1307=CYLINDRICAL_SURFACE('',#1455,0.005);
#1308=CYLINDRICAL_SURFACE('',#1459,0.005);
#1309=CYLINDRICAL_SURFACE('',#1462,0.005);
#1310=CYLINDRICAL_SURFACE('',#1466,0.005);
#1311=CYLINDRICAL_SURFACE('',#1470,0.00499999999999994);
#1312=CYLINDRICAL_SURFACE('',#1474,0.00499999999999994);
#1313=CYLINDRICAL_SURFACE('',#1477,0.003);
#1314=CYLINDRICAL_SURFACE('',#1481,0.003);
#1315=CYLINDRICAL_SURFACE('',#1485,0.005);
#1316=CYLINDRICAL_SURFACE('',#1489,0.005);
#1317=CYLINDRICAL_SURFACE('',#1493,0.003);
#1318=CYLINDRICAL_SURFACE('',#1497,0.003);
#1319=CYLINDRICAL_SURFACE('',#1501,0.005);
#1320=CYLINDRICAL_SURFACE('',#1505,0.005);
#1321=CYLINDRICAL_SURFACE('',#1509,0.00235);
#1322=CYLINDRICAL_SURFACE('',#1512,0.00235);
#1323=CYLINDRICAL_SURFACE('',#1515,0.00235);
#1324=CYLINDRICAL_SURFACE('',#1518,0.00235);
#1325=CYLINDRICAL_SURFACE('',#1521,0.00235);
#1326=CYLINDRICAL_SURFACE('',#1524,0.00235);
#1327=CYLINDRICAL_SURFACE('',#1547,0.00225);
#1328=CYLINDRICAL_SURFACE('',#1550,0.00225);
#1329=CYLINDRICAL_SURFACE('',#1553,0.00225);
#1330=CYLINDRICAL_SURFACE('',#1556,0.00225);
#1331=CYLINDRICAL_SURFACE('',#1559,0.005);
#1332=CYLINDRICAL_SURFACE('',#1562,0.005);
#1333=CYLINDRICAL_SURFACE('',#1565,0.005);
#1334=CYLINDRICAL_SURFACE('',#1568,0.005);
#1335=CYLINDRICAL_SURFACE('',#1584,0.00235);
#1336=CYLINDRICAL_SURFACE('',#1587,0.00235);
#1337=CYLINDRICAL_SURFACE('',#1590,0.00235);
#1338=CYLINDRICAL_SURFACE('',#1593,0.00235);
#1339=CYLINDRICAL_SURFACE('',#1596,0.00235);
#1340=CYLINDRICAL_SURFACE('',#1599,0.00235);
#1341=CYLINDRICAL_SURFACE('',#1605,0.005);
#1342=CYLINDRICAL_SURFACE('',#1607,0.005);
#1343=CYLINDRICAL_SURFACE('',#1609,0.00500000000000011);
#1344=CYLINDRICAL_SURFACE('',#1611,0.00500000000000009);
#1345=ADVANCED_FACE('',(#1181),#1305,.F.);
#1346=ADVANCED_FACE('',(#1182),#12,.F.);
#1347=ADVANCED_FACE('',(#1183),#1306,.F.);
#1348=ADVANCED_FACE('',(#1184),#13,.F.);
#1349=ADVANCED_FACE('',(#1185),#1307,.F.);
#1350=ADVANCED_FACE('',(#1186),#14,.T.);
#1351=ADVANCED_FACE('',(#1187),#1308,.F.);
#1352=ADVANCED_FACE('',(#1188),#1309,.F.);
#1353=ADVANCED_FACE('',(#1189),#15,.F.);
#1354=ADVANCED_FACE('',(#1190),#1310,.F.);
#1355=ADVANCED_FACE('',(#1191),#16,.T.);
#1356=ADVANCED_FACE('',(#1192),#1311,.F.);
#1357=ADVANCED_FACE('',(#1193),#17,.T.);
#1358=ADVANCED_FACE('',(#1194),#1312,.F.);
#1359=ADVANCED_FACE('',(#1195),#1313,.F.);
#1360=ADVANCED_FACE('',(#1196),#18,.F.);
#1361=ADVANCED_FACE('',(#1197),#1314,.F.);
#1362=ADVANCED_FACE('',(#1198),#19,.F.);
#1363=ADVANCED_FACE('',(#1199),#1315,.F.);
#1364=ADVANCED_FACE('',(#1200),#20,.F.);
#1365=ADVANCED_FACE('',(#1201),#1316,.F.);
#1366=ADVANCED_FACE('',(#1202),#21,.T.);
#1367=ADVANCED_FACE('',(#1203),#1317,.F.);
#1368=ADVANCED_FACE('',(#1204),#22,.T.);
#1369=ADVANCED_FACE('',(#1205),#1318,.F.);
#1370=ADVANCED_FACE('',(#1206),#23,.T.);
#1371=ADVANCED_FACE('',(#1207),#1319,.F.);
#1372=ADVANCED_FACE('',(#1208),#24,.T.);
#1373=ADVANCED_FACE('',(#1209),#1320,.F.);
#1374=ADVANCED_FACE('',(#1210),#25,.F.);
#1375=ADVANCED_FACE('',(#1211,#1212),#1321,.F.);
#1376=ADVANCED_FACE('',(#1213,#1214),#1322,.F.);
#1377=ADVANCED_FACE('',(#1215,#1216),#1323,.F.);
#1378=ADVANCED_FACE('',(#1217,#1218),#1324,.F.);
#1379=ADVANCED_FACE('',(#1219,#1220),#1325,.F.);
#1380=ADVANCED_FACE('',(#1221,#1222),#1326,.F.);
#1381=ADVANCED_FACE('',(#1223),#26,.F.);
#1382=ADVANCED_FACE('',(#1224),#27,.T.);
#1383=ADVANCED_FACE('',(#1225,#1226,#1227,#1228,#1229,#1230,#1231,#1232,
#1233,#1234),#28,.T.);
#1384=ADVANCED_FACE('',(#1235),#29,.T.);
#1385=ADVANCED_FACE('',(#1236,#1237,#1238,#1239,#1240),#30,.T.);
#1386=ADVANCED_FACE('',(#1241),#31,.T.);
#1387=ADVANCED_FACE('',(#1242),#32,.T.);
#1388=ADVANCED_FACE('',(#1243),#33,.T.);
#1389=ADVANCED_FACE('',(#1244),#34,.T.);
#1390=ADVANCED_FACE('',(#1245),#35,.T.);
#1391=ADVANCED_FACE('',(#1246),#36,.T.);
#1392=ADVANCED_FACE('',(#1247),#37,.T.);
#1393=ADVANCED_FACE('',(#1248,#1249),#1327,.T.);
#1394=ADVANCED_FACE('',(#1250),#38,.T.);
#1395=ADVANCED_FACE('',(#1251,#1252),#1328,.T.);
#1396=ADVANCED_FACE('',(#1253),#39,.T.);
#1397=ADVANCED_FACE('',(#1254,#1255),#1329,.T.);
#1398=ADVANCED_FACE('',(#1256),#40,.T.);
#1399=ADVANCED_FACE('',(#1257,#1258),#1330,.T.);
#1400=ADVANCED_FACE('',(#1259),#41,.T.);
#1401=ADVANCED_FACE('',(#1260),#1331,.F.);
#1402=ADVANCED_FACE('',(#1261),#42,.F.);
#1403=ADVANCED_FACE('',(#1262),#1332,.F.);
#1404=ADVANCED_FACE('',(#1263),#43,.T.);
#1405=ADVANCED_FACE('',(#1264),#1333,.F.);
#1406=ADVANCED_FACE('',(#1265),#44,.T.);
#1407=ADVANCED_FACE('',(#1266),#1334,.F.);
#1408=ADVANCED_FACE('',(#1267),#45,.F.);
#1409=ADVANCED_FACE('',(#1268,#1269,#1270,#1271,#1272,#1273,#1274),#46,
 .T.);
#1410=ADVANCED_FACE('',(#1275),#47,.T.);
#1411=ADVANCED_FACE('',(#1276,#1277),#1335,.F.);
#1412=ADVANCED_FACE('',(#1278),#48,.T.);
#1413=ADVANCED_FACE('',(#1279,#1280),#1336,.F.);
#1414=ADVANCED_FACE('',(#1281),#49,.T.);
#1415=ADVANCED_FACE('',(#1282,#1283),#1337,.F.);
#1416=ADVANCED_FACE('',(#1284),#50,.T.);
#1417=ADVANCED_FACE('',(#1285,#1286),#1338,.F.);
#1418=ADVANCED_FACE('',(#1287),#51,.T.);
#1419=ADVANCED_FACE('',(#1288,#1289),#1339,.F.);
#1420=ADVANCED_FACE('',(#1290),#52,.T.);
#1421=ADVANCED_FACE('',(#1291,#1292),#1340,.F.);
#1422=ADVANCED_FACE('',(#1293),#53,.F.);
#1423=ADVANCED_FACE('',(#1294),#1341,.T.);
#1424=ADVANCED_FACE('',(#1295),#54,.F.);
#1425=ADVANCED_FACE('',(#1296),#1342,.T.);
#1426=ADVANCED_FACE('',(#1297),#55,.F.);
#1427=ADVANCED_FACE('',(#1298),#1343,.T.);
#1428=ADVANCED_FACE('',(#1299),#56,.T.);
#1429=ADVANCED_FACE('',(#1300),#1344,.T.);
#1430=ADVANCED_FACE('',(#1301),#57,.T.);
#1431=ADVANCED_FACE('',(#1302),#58,.T.);
#1432=ADVANCED_FACE('',(#1303),#59,.F.);
#1433=ADVANCED_FACE('',(#1304),#60,.T.);
#1434=CLOSED_SHELL('',(#1345,#1346,#1347,#1348,#1349,#1350,#1351,#1352,
#1353,#1354,#1355,#1356,#1357,#1358,#1359,#1360,#1361,#1362,#1363,#1364,
#1365,#1366,#1367,#1368,#1369,#1370,#1371,#1372,#1373,#1374,#1375,#1376,
#1377,#1378,#1379,#1380,#1381,#1382,#1383,#1384,#1385,#1386,#1387,#1388,
#1389,#1390,#1391,#1392,#1393,#1394,#1395,#1396,#1397,#1398,#1399,#1400,
#1401,#1402,#1403,#1404,#1405,#1406,#1407,#1408,#1409,#1410,#1411,#1412,
#1413,#1414,#1415,#1416,#1417,#1418,#1419,#1420,#1421,#1422,#1423,#1424,
#1425,#1426,#1427,#1428,#1429,#1430,#1431,#1432,#1433));
#1435=STYLED_ITEM('',(#1436),#1443);
#1436=PRESENTATION_STYLE_ASSIGNMENT((#1437));
#1437=SURFACE_STYLE_USAGE(.BOTH.,#1438);
#1438=SURFACE_SIDE_STYLE('',(#1439));
#1439=SURFACE_STYLE_FILL_AREA(#1440);
#1440=FILL_AREA_STYLE('',(#1441));
#1441=FILL_AREA_STYLE_COLOUR('',#1442);
#1442=COLOUR_RGB('',0.615686274509804,0.811764705882353,0.929411764705882);
#1443=MANIFOLD_SOLID_BREP('Part 1',#1434);
#1444=SHAPE_DEFINITION_REPRESENTATION(#2484,#1445);
#1445=SHAPE_REPRESENTATION('Part 1',(#1446),#2479);
#1446=AXIS2_PLACEMENT_3D('',#2064,#1616,#1617);
#1447=AXIS2_PLACEMENT_3D('',#2065,#1618,#1619);
#1448=AXIS2_PLACEMENT_3D('',#2066,#1620,#1621);
#1449=AXIS2_PLACEMENT_3D('',#2071,#1623,#1624);
#1450=AXIS2_PLACEMENT_3D('',#2074,#1626,#1627);
#1451=AXIS2_PLACEMENT_3D('',#2080,#1631,#1632);
#1452=AXIS2_PLACEMENT_3D('',#2081,#1633,#1634);
#1453=AXIS2_PLACEMENT_3D('',#2085,#1636,#1637);
#1454=AXIS2_PLACEMENT_3D('',#2086,#1638,#1639);
#1455=AXIS2_PLACEMENT_3D('',#2092,#1643,#1644);
#1456=AXIS2_PLACEMENT_3D('',#2093,#1645,#1646);
#1457=AXIS2_PLACEMENT_3D('',#2097,#1648,#1649);
#1458=AXIS2_PLACEMENT_3D('',#2098,#1650,#1651);
#1459=AXIS2_PLACEMENT_3D('',#2104,#1655,#1656);
#1460=AXIS2_PLACEMENT_3D('',#2105,#1657,#1658);
#1461=AXIS2_PLACEMENT_3D('',#2109,#1660,#1661);
#1462=AXIS2_PLACEMENT_3D('',#2110,#1662,#1663);
#1463=AXIS2_PLACEMENT_3D('',#2111,#1664,#1665);
#1464=AXIS2_PLACEMENT_3D('',#2116,#1667,#1668);
#1465=AXIS2_PLACEMENT_3D('',#2119,#1670,#1671);
#1466=AXIS2_PLACEMENT_3D('',#2125,#1675,#1676);
#1467=AXIS2_PLACEMENT_3D('',#2126,#1677,#1678);
#1468=AXIS2_PLACEMENT_3D('',#2130,#1680,#1681);
#1469=AXIS2_PLACEMENT_3D('',#2131,#1682,#1683);
#1470=AXIS2_PLACEMENT_3D('',#2137,#1687,#1688);
#1471=AXIS2_PLACEMENT_3D('',#2138,#1689,#1690);
#1472=AXIS2_PLACEMENT_3D('',#2142,#1692,#1693);
#1473=AXIS2_PLACEMENT_3D('',#2143,#1694,#1695);
#1474=AXIS2_PLACEMENT_3D('',#2149,#1699,#1700);
#1475=AXIS2_PLACEMENT_3D('',#2150,#1701,#1702);
#1476=AXIS2_PLACEMENT_3D('',#2154,#1704,#1705);
#1477=AXIS2_PLACEMENT_3D('',#2155,#1706,#1707);
#1478=AXIS2_PLACEMENT_3D('',#2156,#1708,#1709);
#1479=AXIS2_PLACEMENT_3D('',#2161,#1711,#1712);
#1480=AXIS2_PLACEMENT_3D('',#2164,#1714,#1715);
#1481=AXIS2_PLACEMENT_3D('',#2170,#1719,#1720);
#1482=AXIS2_PLACEMENT_3D('',#2171,#1721,#1722);
#1483=AXIS2_PLACEMENT_3D('',#2175,#1724,#1725);
#1484=AXIS2_PLACEMENT_3D('',#2176,#1726,#1727);
#1485=AXIS2_PLACEMENT_3D('',#2182,#1731,#1732);
#1486=AXIS2_PLACEMENT_3D('',#2183,#1733,#1734);
#1487=AXIS2_PLACEMENT_3D('',#2187,#1736,#1737);
#1488=AXIS2_PLACEMENT_3D('',#2188,#1738,#1739);
#1489=AXIS2_PLACEMENT_3D('',#2194,#1743,#1744);
#1490=AXIS2_PLACEMENT_3D('',#2195,#1745,#1746);
#1491=AXIS2_PLACEMENT_3D('',#2199,#1748,#1749);
#1492=AXIS2_PLACEMENT_3D('',#2200,#1750,#1751);
#1493=AXIS2_PLACEMENT_3D('',#2206,#1755,#1756);
#1494=AXIS2_PLACEMENT_3D('',#2207,#1757,#1758);
#1495=AXIS2_PLACEMENT_3D('',#2211,#1760,#1761);
#1496=AXIS2_PLACEMENT_3D('',#2212,#1762,#1763);
#1497=AXIS2_PLACEMENT_3D('',#2218,#1767,#1768);
#1498=AXIS2_PLACEMENT_3D('',#2219,#1769,#1770);
#1499=AXIS2_PLACEMENT_3D('',#2223,#1772,#1773);
#1500=AXIS2_PLACEMENT_3D('',#2224,#1774,#1775);
#1501=AXIS2_PLACEMENT_3D('',#2230,#1779,#1780);
#1502=AXIS2_PLACEMENT_3D('',#2231,#1781,#1782);
#1503=AXIS2_PLACEMENT_3D('',#2235,#1784,#1785);
#1504=AXIS2_PLACEMENT_3D('',#2236,#1786,#1787);
#1505=AXIS2_PLACEMENT_3D('',#2242,#1791,#1792);
#1506=AXIS2_PLACEMENT_3D('',#2243,#1793,#1794);
#1507=AXIS2_PLACEMENT_3D('',#2247,#1796,#1797);
#1508=AXIS2_PLACEMENT_3D('',#2248,#1798,#1799);
#1509=AXIS2_PLACEMENT_3D('',#2251,#1802,#1803);
#1510=AXIS2_PLACEMENT_3D('',#2252,#1804,#1805);
#1511=AXIS2_PLACEMENT_3D('',#2254,#1806,#1807);
#1512=AXIS2_PLACEMENT_3D('',#2256,#1808,#1809);
#1513=AXIS2_PLACEMENT_3D('',#2257,#1810,#1811);
#1514=AXIS2_PLACEMENT_3D('',#2259,#1812,#1813);
#1515=AXIS2_PLACEMENT_3D('',#2261,#1814,#1815);
#1516=AXIS2_PLACEMENT_3D('',#2262,#1816,#1817);
#1517=AXIS2_PLACEMENT_3D('',#2264,#1818,#1819);
#1518=AXIS2_PLACEMENT_3D('',#2266,#1820,#1821);
#1519=AXIS2_PLACEMENT_3D('',#2267,#1822,#1823);
#1520=AXIS2_PLACEMENT_3D('',#2269,#1824,#1825);
#1521=AXIS2_PLACEMENT_3D('',#2271,#1826,#1827);
#1522=AXIS2_PLACEMENT_3D('',#2272,#1828,#1829);
#1523=AXIS2_PLACEMENT_3D('',#2274,#1830,#1831);
#1524=AXIS2_PLACEMENT_3D('',#2276,#1832,#1833);
#1525=AXIS2_PLACEMENT_3D('',#2277,#1834,#1835);
#1526=AXIS2_PLACEMENT_3D('',#2279,#1836,#1837);
#1527=AXIS2_PLACEMENT_3D('',#2281,#1838,#1839);
#1528=AXIS2_PLACEMENT_3D('',#2284,#1842,#1843);
#1529=AXIS2_PLACEMENT_3D('',#2287,#1846,#1847);
#1530=AXIS2_PLACEMENT_3D('',#2288,#1848,#1849);
#1531=AXIS2_PLACEMENT_3D('',#2293,#1851,#1852);
#1532=AXIS2_PLACEMENT_3D('',#2297,#1854,#1855);
#1533=AXIS2_PLACEMENT_3D('',#2301,#1857,#1858);
#1534=AXIS2_PLACEMENT_3D('',#2304,#1860,#1861);
#1535=AXIS2_PLACEMENT_3D('',#2305,#1862,#1863);
#1536=AXIS2_PLACEMENT_3D('',#2306,#1864,#1865);
#1537=AXIS2_PLACEMENT_3D('',#2308,#1866,#1867);
#1538=AXIS2_PLACEMENT_3D('',#2310,#1868,#1869);
#1539=AXIS2_PLACEMENT_3D('',#2312,#1870,#1871);
#1540=AXIS2_PLACEMENT_3D('',#2314,#1872,#1873);
#1541=AXIS2_PLACEMENT_3D('',#2315,#1874,#1875);
#1542=AXIS2_PLACEMENT_3D('',#2316,#1876,#1877);
#1543=AXIS2_PLACEMENT_3D('',#2317,#1878,#1879);
#1544=AXIS2_PLACEMENT_3D('',#2318,#1880,#1881);
#1545=AXIS2_PLACEMENT_3D('',#2319,#1882,#1883);
#1546=AXIS2_PLACEMENT_3D('',#2320,#1884,#1885);
#1547=AXIS2_PLACEMENT_3D('',#2321,#1886,#1887);
#1548=AXIS2_PLACEMENT_3D('',#2322,#1888,#1889);
#1549=AXIS2_PLACEMENT_3D('',#2324,#1890,#1891);
#1550=AXIS2_PLACEMENT_3D('',#2325,#1892,#1893);
#1551=AXIS2_PLACEMENT_3D('',#2326,#1894,#1895);
#1552=AXIS2_PLACEMENT_3D('',#2328,#1896,#1897);
#1553=AXIS2_PLACEMENT_3D('',#2329,#1898,#1899);
#1554=AXIS2_PLACEMENT_3D('',#2330,#1900,#1901);
#1555=AXIS2_PLACEMENT_3D('',#2332,#1902,#1903);
#1556=AXIS2_PLACEMENT_3D('',#2333,#1904,#1905);
#1557=AXIS2_PLACEMENT_3D('',#2334,#1906,#1907);
#1558=AXIS2_PLACEMENT_3D('',#2336,#1908,#1909);
#1559=AXIS2_PLACEMENT_3D('',#2337,#1910,#1911);
#1560=AXIS2_PLACEMENT_3D('',#2340,#1913,#1914);
#1561=AXIS2_PLACEMENT_3D('',#2343,#1916,#1917);
#1562=AXIS2_PLACEMENT_3D('',#2347,#1920,#1921);
#1563=AXIS2_PLACEMENT_3D('',#2350,#1923,#1924);
#1564=AXIS2_PLACEMENT_3D('',#2351,#1925,#1926);
#1565=AXIS2_PLACEMENT_3D('',#2355,#1929,#1930);
#1566=AXIS2_PLACEMENT_3D('',#2358,#1932,#1933);
#1567=AXIS2_PLACEMENT_3D('',#2359,#1934,#1935);
#1568=AXIS2_PLACEMENT_3D('',#2363,#1938,#1939);
#1569=AXIS2_PLACEMENT_3D('',#2366,#1941,#1942);
#1570=AXIS2_PLACEMENT_3D('',#2367,#1943,#1944);
#1571=AXIS2_PLACEMENT_3D('',#2377,#1950,#1951);
#1572=AXIS2_PLACEMENT_3D('',#2384,#1955,#1956);
#1573=AXIS2_PLACEMENT_3D('',#2388,#1958,#1959);
#1574=AXIS2_PLACEMENT_3D('',#2392,#1961,#1962);
#1575=AXIS2_PLACEMENT_3D('',#2396,#1964,#1965);
#1576=AXIS2_PLACEMENT_3D('',#2399,#1967,#1968);
#1577=AXIS2_PLACEMENT_3D('',#2401,#1969,#1970);
#1578=AXIS2_PLACEMENT_3D('',#2403,#1971,#1972);
#1579=AXIS2_PLACEMENT_3D('',#2405,#1973,#1974);
#1580=AXIS2_PLACEMENT_3D('',#2407,#1975,#1976);
#1581=AXIS2_PLACEMENT_3D('',#2409,#1977,#1978);
#1582=AXIS2_PLACEMENT_3D('',#2411,#1979,#1980);
#1583=AXIS2_PLACEMENT_3D('',#2412,#1981,#1982);
#1584=AXIS2_PLACEMENT_3D('',#2414,#1983,#1984);
#1585=AXIS2_PLACEMENT_3D('',#2415,#1985,#1986);
#1586=AXIS2_PLACEMENT_3D('',#2416,#1987,#1988);
#1587=AXIS2_PLACEMENT_3D('',#2418,#1989,#1990);
#1588=AXIS2_PLACEMENT_3D('',#2419,#1991,#1992);
#1589=AXIS2_PLACEMENT_3D('',#2420,#1993,#1994);
#1590=AXIS2_PLACEMENT_3D('',#2422,#1995,#1996);
#1591=AXIS2_PLACEMENT_3D('',#2423,#1997,#1998);
#1592=AXIS2_PLACEMENT_3D('',#2424,#1999,#2000);
#1593=AXIS2_PLACEMENT_3D('',#2426,#2001,#2002);
#1594=AXIS2_PLACEMENT_3D('',#2427,#2003,#2004);
#1595=AXIS2_PLACEMENT_3D('',#2428,#2005,#2006);
#1596=AXIS2_PLACEMENT_3D('',#2430,#2007,#2008);
#1597=AXIS2_PLACEMENT_3D('',#2431,#2009,#2010);
#1598=AXIS2_PLACEMENT_3D('',#2432,#2011,#2012);
#1599=AXIS2_PLACEMENT_3D('',#2434,#2013,#2014);
#1600=AXIS2_PLACEMENT_3D('',#2435,#2015,#2016);
#1601=AXIS2_PLACEMENT_3D('',#2439,#2018,#2019);
#1602=AXIS2_PLACEMENT_3D('',#2443,#2021,#2022);
#1603=AXIS2_PLACEMENT_3D('',#2447,#2024,#2025);
#1604=AXIS2_PLACEMENT_3D('',#2451,#2027,#2028);
#1605=AXIS2_PLACEMENT_3D('',#2452,#2029,#2030);
#1606=AXIS2_PLACEMENT_3D('',#2455,#2033,#2034);
#1607=AXIS2_PLACEMENT_3D('',#2457,#2036,#2037);
#1608=AXIS2_PLACEMENT_3D('',#2459,#2039,#2040);
#1609=AXIS2_PLACEMENT_3D('',#2461,#2042,#2043);
#1610=AXIS2_PLACEMENT_3D('',#2463,#2045,#2046);
#1611=AXIS2_PLACEMENT_3D('',#2470,#2051,#2052);
#1612=AXIS2_PLACEMENT_3D('',#2472,#2054,#2055);
#1613=AXIS2_PLACEMENT_3D('',#2473,#2056,#2057);
#1614=AXIS2_PLACEMENT_3D('',#2476,#2060,#2061);
#1615=AXIS2_PLACEMENT_3D('',#2477,#2062,#2063);
#1616=DIRECTION('',(0.,0.,1.));
#1617=DIRECTION('',(1.,0.,0.));
#1618=DIRECTION('',(0.,0.,-1.));
#1619=DIRECTION('',(-1.,0.,0.));
#1620=DIRECTION('',(0.,0.,1.));
#1621=DIRECTION('',(1.,0.,0.));
#1622=DIRECTION('',(0.,0.,-1.));
#1623=DIRECTION('',(0.,0.,1.));
#1624=DIRECTION('',(1.,0.,0.));
#1625=DIRECTION('',(0.,0.,-1.));
#1626=DIRECTION('',(0.,1.,0.));
#1627=DIRECTION('',(0.,0.,1.));
#1628=DIRECTION('',(1.,0.,0.));
#1629=DIRECTION('',(0.,0.,-1.));
#1630=DIRECTION('',(1.,0.,0.));
#1631=DIRECTION('',(0.,0.,-1.));
#1632=DIRECTION('',(-1.,0.,0.));
#1633=DIRECTION('',(0.,0.,1.));
#1634=DIRECTION('',(1.,0.,0.));
#1635=DIRECTION('',(0.,0.,-1.));
#1636=DIRECTION('',(0.,0.,1.));
#1637=DIRECTION('',(1.,0.,0.));
#1638=DIRECTION('',(1.,0.,0.));
#1639=DIRECTION('',(0.,0.,-1.));
#1640=DIRECTION('',(0.,-1.,0.));
#1641=DIRECTION('',(0.,0.,-1.));
#1642=DIRECTION('',(0.,-1.,0.));
#1643=DIRECTION('',(0.,0.,-1.));
#1644=DIRECTION('',(-1.,0.,0.));
#1645=DIRECTION('',(0.,0.,1.));
#1646=DIRECTION('',(1.,0.,0.));
#1647=DIRECTION('',(0.,0.,-1.));
#1648=DIRECTION('',(0.,0.,1.));
#1649=DIRECTION('',(1.,0.,0.));
#1650=DIRECTION('',(0.,1.,0.));
#1651=DIRECTION('',(0.,0.,1.));
#1652=DIRECTION('',(1.,0.,0.));
#1653=DIRECTION('',(0.,0.,-1.));
#1654=DIRECTION('',(1.,0.,0.));
#1655=DIRECTION('',(0.,0.,-1.));
#1656=DIRECTION('',(-1.,0.,0.));
#1657=DIRECTION('',(0.,0.,1.));
#1658=DIRECTION('',(1.,0.,0.));
#1659=DIRECTION('',(0.,0.,-1.));
#1660=DIRECTION('',(0.,0.,1.));
#1661=DIRECTION('',(1.,0.,0.));
#1662=DIRECTION('',(0.,0.,-1.));
#1663=DIRECTION('',(-1.,0.,0.));
#1664=DIRECTION('',(0.,0.,1.));
#1665=DIRECTION('',(1.,0.,0.));
#1666=DIRECTION('',(0.,0.,-1.));
#1667=DIRECTION('',(0.,0.,1.));
#1668=DIRECTION('',(1.,0.,0.));
#1669=DIRECTION('',(0.,0.,-1.));
#1670=DIRECTION('',(-1.,0.,0.));
#1671=DIRECTION('',(0.,0.,1.));
#1672=DIRECTION('',(0.,1.,0.));
#1673=DIRECTION('',(0.,0.,-1.));
#1674=DIRECTION('',(0.,1.,0.));
#1675=DIRECTION('',(0.,0.,-1.));
#1676=DIRECTION('',(-1.,0.,0.));
#1677=DIRECTION('',(0.,0.,1.));
#1678=DIRECTION('',(1.,0.,0.));
#1679=DIRECTION('',(0.,0.,-1.));
#1680=DIRECTION('',(0.,0.,1.));
#1681=DIRECTION('',(1.,0.,0.));
#1682=DIRECTION('',(0.,-1.,0.));
#1683=DIRECTION('',(0.,0.,-1.));
#1684=DIRECTION('',(-1.,0.,0.));
#1685=DIRECTION('',(0.,0.,-1.));
#1686=DIRECTION('',(-1.,0.,0.));
#1687=DIRECTION('',(0.,0.,-1.));
#1688=DIRECTION('',(-1.,0.,0.));
#1689=DIRECTION('',(0.,0.,1.));
#1690=DIRECTION('',(1.,0.,0.));
#1691=DIRECTION('',(0.,0.,-1.));
#1692=DIRECTION('',(0.,0.,1.));
#1693=DIRECTION('',(1.,0.,0.));
#1694=DIRECTION('',(-1.,0.,0.));
#1695=DIRECTION('',(0.,0.,1.));
#1696=DIRECTION('',(0.,1.,0.));
#1697=DIRECTION('',(0.,0.,-1.));
#1698=DIRECTION('',(0.,1.,0.));
#1699=DIRECTION('',(0.,0.,-1.));
#1700=DIRECTION('',(-1.,0.,0.));
#1701=DIRECTION('',(0.,0.,1.));
#1702=DIRECTION('',(1.,0.,0.));
#1703=DIRECTION('',(0.,0.,-1.));
#1704=DIRECTION('',(0.,0.,1.));
#1705=DIRECTION('',(1.,0.,0.));
#1706=DIRECTION('',(0.,0.,-1.));
#1707=DIRECTION('',(-1.,0.,0.));
#1708=DIRECTION('',(0.,0.,1.));
#1709=DIRECTION('',(1.,0.,0.));
#1710=DIRECTION('',(0.,0.,-1.));
#1711=DIRECTION('',(0.,0.,1.));
#1712=DIRECTION('',(1.,0.,0.));
#1713=DIRECTION('',(0.,0.,-1.));
#1714=DIRECTION('',(0.,1.,0.));
#1715=DIRECTION('',(0.,0.,1.));
#1716=DIRECTION('',(1.,0.,0.));
#1717=DIRECTION('',(0.,0.,-1.));
#1718=DIRECTION('',(1.,0.,0.));
#1719=DIRECTION('',(0.,0.,-1.));
#1720=DIRECTION('',(-1.,0.,0.));
#1721=DIRECTION('',(0.,0.,1.));
#1722=DIRECTION('',(1.,0.,0.));
#1723=DIRECTION('',(0.,0.,-1.));
#1724=DIRECTION('',(0.,0.,1.));
#1725=DIRECTION('',(1.,0.,0.));
#1726=DIRECTION('',(0.,1.,0.));
#1727=DIRECTION('',(0.,0.,1.));
#1728=DIRECTION('',(1.,0.,0.));
#1729=DIRECTION('',(0.,0.,-1.));
#1730=DIRECTION('',(1.,0.,0.));
#1731=DIRECTION('',(0.,0.,-1.));
#1732=DIRECTION('',(-1.,0.,0.));
#1733=DIRECTION('',(0.,0.,1.));
#1734=DIRECTION('',(1.,0.,0.));
#1735=DIRECTION('',(0.,0.,-1.));
#1736=DIRECTION('',(0.,0.,1.));
#1737=DIRECTION('',(1.,0.,0.));
#1738=DIRECTION('',(1.,0.,0.));
#1739=DIRECTION('',(0.,0.,-1.));
#1740=DIRECTION('',(0.,-1.,0.));
#1741=DIRECTION('',(0.,0.,-1.));
#1742=DIRECTION('',(0.,-1.,0.));
#1743=DIRECTION('',(0.,0.,-1.));
#1744=DIRECTION('',(-1.,0.,0.));
#1745=DIRECTION('',(0.,0.,1.));
#1746=DIRECTION('',(1.,0.,0.));
#1747=DIRECTION('',(0.,0.,-1.));
#1748=DIRECTION('',(0.,0.,1.));
#1749=DIRECTION('',(1.,0.,0.));
#1750=DIRECTION('',(0.,1.,0.));
#1751=DIRECTION('',(0.,0.,1.));
#1752=DIRECTION('',(1.,0.,0.));
#1753=DIRECTION('',(0.,0.,-1.));
#1754=DIRECTION('',(1.,0.,0.));
#1755=DIRECTION('',(0.,0.,-1.));
#1756=DIRECTION('',(-1.,0.,0.));
#1757=DIRECTION('',(0.,0.,1.));
#1758=DIRECTION('',(1.,0.,0.));
#1759=DIRECTION('',(0.,0.,-1.));
#1760=DIRECTION('',(0.,0.,1.));
#1761=DIRECTION('',(1.,0.,0.));
#1762=DIRECTION('',(0.,1.,0.));
#1763=DIRECTION('',(0.,0.,1.));
#1764=DIRECTION('',(1.,0.,0.));
#1765=DIRECTION('',(0.,0.,-1.));
#1766=DIRECTION('',(1.,0.,0.));
#1767=DIRECTION('',(0.,0.,-1.));
#1768=DIRECTION('',(-1.,0.,0.));
#1769=DIRECTION('',(0.,0.,1.));
#1770=DIRECTION('',(1.,0.,0.));
#1771=DIRECTION('',(0.,0.,-1.));
#1772=DIRECTION('',(0.,0.,1.));
#1773=DIRECTION('',(1.,0.,0.));
#1774=DIRECTION('',(0.,1.,0.));
#1775=DIRECTION('',(0.,0.,1.));
#1776=DIRECTION('',(1.,0.,0.));
#1777=DIRECTION('',(0.,0.,-1.));
#1778=DIRECTION('',(1.,0.,0.));
#1779=DIRECTION('',(0.,0.,-1.));
#1780=DIRECTION('',(-1.,0.,0.));
#1781=DIRECTION('',(0.,0.,1.));
#1782=DIRECTION('',(1.,0.,0.));
#1783=DIRECTION('',(0.,0.,-1.));
#1784=DIRECTION('',(0.,0.,1.));
#1785=DIRECTION('',(1.,0.,0.));
#1786=DIRECTION('',(1.,0.,0.));
#1787=DIRECTION('',(0.,0.,-1.));
#1788=DIRECTION('',(0.,-1.,0.));
#1789=DIRECTION('',(0.,0.,-1.));
#1790=DIRECTION('',(0.,-1.,0.));
#1791=DIRECTION('',(0.,0.,-1.));
#1792=DIRECTION('',(-1.,0.,0.));
#1793=DIRECTION('',(0.,0.,1.));
#1794=DIRECTION('',(1.,0.,0.));
#1795=DIRECTION('',(0.,0.,-1.));
#1796=DIRECTION('',(0.,0.,1.));
#1797=DIRECTION('',(1.,0.,0.));
#1798=DIRECTION('',(0.,-1.,0.));
#1799=DIRECTION('',(0.,0.,-1.));
#1800=DIRECTION('',(-1.,0.,0.));
#1801=DIRECTION('',(-1.,0.,0.));
#1802=DIRECTION('',(0.,0.,-1.));
#1803=DIRECTION('',(-1.,0.,0.));
#1804=DIRECTION('',(0.,0.,1.));
#1805=DIRECTION('',(1.,0.,0.));
#1806=DIRECTION('',(0.,0.,1.));
#1807=DIRECTION('',(1.,0.,0.));
#1808=DIRECTION('',(0.,0.,-1.));
#1809=DIRECTION('',(-1.,0.,0.));
#1810=DIRECTION('',(0.,0.,1.));
#1811=DIRECTION('',(1.,0.,0.));
#1812=DIRECTION('',(0.,0.,1.));
#1813=DIRECTION('',(1.,0.,0.));
#1814=DIRECTION('',(0.,0.,-1.));
#1815=DIRECTION('',(-1.,0.,0.));
#1816=DIRECTION('',(0.,0.,1.));
#1817=DIRECTION('',(1.,0.,0.));
#1818=DIRECTION('',(0.,0.,1.));
#1819=DIRECTION('',(1.,0.,0.));
#1820=DIRECTION('',(0.,0.,-1.));
#1821=DIRECTION('',(-1.,0.,0.));
#1822=DIRECTION('',(0.,0.,1.));
#1823=DIRECTION('',(1.,0.,0.));
#1824=DIRECTION('',(0.,0.,1.));
#1825=DIRECTION('',(1.,0.,0.));
#1826=DIRECTION('',(0.,0.,-1.));
#1827=DIRECTION('',(-1.,0.,0.));
#1828=DIRECTION('',(0.,0.,1.));
#1829=DIRECTION('',(1.,0.,0.));
#1830=DIRECTION('',(0.,0.,1.));
#1831=DIRECTION('',(1.,0.,0.));
#1832=DIRECTION('',(0.,0.,-1.));
#1833=DIRECTION('',(-1.,0.,0.));
#1834=DIRECTION('',(0.,0.,1.));
#1835=DIRECTION('',(1.,0.,0.));
#1836=DIRECTION('',(0.,0.,1.));
#1837=DIRECTION('',(1.,0.,0.));
#1838=DIRECTION('',(0.,1.,0.));
#1839=DIRECTION('',(0.,0.,1.));
#1840=DIRECTION('',(1.,0.,0.));
#1841=DIRECTION('',(1.,0.,0.));
#1842=DIRECTION('',(1.,0.,0.));
#1843=DIRECTION('',(0.,0.,-1.));
#1844=DIRECTION('',(0.,-1.,0.));
#1845=DIRECTION('',(0.,-1.,0.));
#1846=DIRECTION('',(0.,0.,1.));
#1847=DIRECTION('',(1.,0.,0.));
#1848=DIRECTION('',(0.,0.,1.));
#1849=DIRECTION('',(1.,0.,0.));
#1850=DIRECTION('',(1.,0.,0.));
#1851=DIRECTION('',(0.,0.,1.));
#1852=DIRECTION('',(1.,0.,0.));
#1853=DIRECTION('',(0.,-1.,0.));
#1854=DIRECTION('',(0.,0.,1.));
#1855=DIRECTION('',(1.,0.,0.));
#1856=DIRECTION('',(1.,0.,0.));
#1857=DIRECTION('',(0.,0.,1.));
#1858=DIRECTION('',(1.,0.,0.));
#1859=DIRECTION('',(0.,-1.,0.));
#1860=DIRECTION('',(0.,0.,1.));
#1861=DIRECTION('',(1.,0.,0.));
#1862=DIRECTION('',(0.,0.,1.));
#1863=DIRECTION('',(1.,0.,0.));
#1864=DIRECTION('',(0.,0.,1.));
#1865=DIRECTION('',(1.,0.,0.));
#1866=DIRECTION('',(0.,0.,1.));
#1867=DIRECTION('',(1.,0.,0.));
#1868=DIRECTION('',(0.,0.,1.));
#1869=DIRECTION('',(1.,0.,0.));
#1870=DIRECTION('',(0.,0.,1.));
#1871=DIRECTION('',(1.,0.,0.));
#1872=DIRECTION('',(0.,0.,1.));
#1873=DIRECTION('',(1.,0.,0.));
#1874=DIRECTION('',(0.,0.,1.));
#1875=DIRECTION('',(1.,0.,0.));
#1876=DIRECTION('',(0.,0.,1.));
#1877=DIRECTION('',(1.,0.,0.));
#1878=DIRECTION('',(0.,0.,1.));
#1879=DIRECTION('',(1.,0.,0.));
#1880=DIRECTION('',(0.,0.,1.));
#1881=DIRECTION('',(1.,0.,0.));
#1882=DIRECTION('',(0.,0.,1.));
#1883=DIRECTION('',(1.,0.,0.));
#1884=DIRECTION('',(0.,0.,1.));
#1885=DIRECTION('',(1.,0.,0.));
#1886=DIRECTION('',(0.,0.,-1.));
#1887=DIRECTION('',(-1.,0.,0.));
#1888=DIRECTION('',(0.,0.,1.));
#1889=DIRECTION('',(1.,0.,0.));
#1890=DIRECTION('',(0.,0.,1.));
#1891=DIRECTION('',(1.,0.,0.));
#1892=DIRECTION('',(0.,0.,-1.));
#1893=DIRECTION('',(-1.,0.,0.));
#1894=DIRECTION('',(0.,0.,1.));
#1895=DIRECTION('',(1.,0.,0.));
#1896=DIRECTION('',(0.,0.,1.));
#1897=DIRECTION('',(1.,0.,0.));
#1898=DIRECTION('',(0.,0.,-1.));
#1899=DIRECTION('',(-1.,0.,0.));
#1900=DIRECTION('',(0.,0.,1.));
#1901=DIRECTION('',(1.,0.,0.));
#1902=DIRECTION('',(0.,0.,1.));
#1903=DIRECTION('',(1.,0.,0.));
#1904=DIRECTION('',(0.,0.,-1.));
#1905=DIRECTION('',(-1.,0.,0.));
#1906=DIRECTION('',(0.,0.,1.));
#1907=DIRECTION('',(1.,0.,0.));
#1908=DIRECTION('',(0.,0.,1.));
#1909=DIRECTION('',(1.,0.,0.));
#1910=DIRECTION('',(0.,0.,-1.));
#1911=DIRECTION('',(-1.,0.,0.));
#1912=DIRECTION('',(0.,0.,-1.));
#1913=DIRECTION('',(0.,0.,1.));
#1914=DIRECTION('',(1.,0.,0.));
#1915=DIRECTION('',(0.,0.,-1.));
#1916=DIRECTION('',(1.,0.,0.));
#1917=DIRECTION('',(0.,0.,-1.));
#1918=DIRECTION('',(0.,0.,-1.));
#1919=DIRECTION('',(0.,-1.,0.));
#1920=DIRECTION('',(0.,0.,-1.));
#1921=DIRECTION('',(-1.,0.,0.));
#1922=DIRECTION('',(0.,0.,-1.));
#1923=DIRECTION('',(0.,0.,1.));
#1924=DIRECTION('',(1.,0.,0.));
#1925=DIRECTION('',(0.,1.,0.));
#1926=DIRECTION('',(0.,0.,1.));
#1927=DIRECTION('',(0.,0.,-1.));
#1928=DIRECTION('',(1.,0.,0.));
#1929=DIRECTION('',(0.,0.,-1.));
#1930=DIRECTION('',(-1.,0.,0.));
#1931=DIRECTION('',(0.,0.,-1.));
#1932=DIRECTION('',(0.,0.,1.));
#1933=DIRECTION('',(1.,0.,0.));
#1934=DIRECTION('',(1.,0.,0.));
#1935=DIRECTION('',(0.,0.,-1.));
#1936=DIRECTION('',(0.,0.,-1.));
#1937=DIRECTION('',(0.,-1.,0.));
#1938=DIRECTION('',(0.,0.,-1.));
#1939=DIRECTION('',(-1.,0.,0.));
#1940=DIRECTION('',(0.,0.,-1.));
#1941=DIRECTION('',(0.,0.,1.));
#1942=DIRECTION('',(1.,0.,0.));
#1943=DIRECTION('',(0.,1.,0.));
#1944=DIRECTION('',(0.,0.,1.));
#1945=DIRECTION('',(1.,0.,0.));
#1946=DIRECTION('',(0.,0.,-1.));
#1947=DIRECTION('',(1.,0.,1.33783301489214E-16));
#1948=DIRECTION('',(0.,0.,-1.));
#1949=DIRECTION('',(1.,0.,0.));
#1950=DIRECTION('',(0.,0.,1.));
#1951=DIRECTION('',(1.,0.,0.));
#1952=DIRECTION('',(0.,1.,0.));
#1953=DIRECTION('',(0.,1.,0.));
#1954=DIRECTION('',(1.,0.,0.));
#1955=DIRECTION('',(0.,0.,1.));
#1956=DIRECTION('',(1.,0.,0.));
#1957=DIRECTION('',(0.,-1.,0.));
#1958=DIRECTION('',(0.,0.,1.));
#1959=DIRECTION('',(1.,0.,0.));
#1960=DIRECTION('',(1.,0.,0.));
#1961=DIRECTION('',(0.,0.,1.));
#1962=DIRECTION('',(1.,0.,0.));
#1963=DIRECTION('',(0.,-1.,0.));
#1964=DIRECTION('',(0.,0.,1.));
#1965=DIRECTION('',(1.,0.,0.));
#1966=DIRECTION('',(1.,0.,0.));
#1967=DIRECTION('',(0.,0.,1.));
#1968=DIRECTION('',(1.,0.,0.));
#1969=DIRECTION('',(0.,0.,1.));
#1970=DIRECTION('',(1.,0.,0.));
#1971=DIRECTION('',(0.,0.,1.));
#1972=DIRECTION('',(1.,0.,0.));
#1973=DIRECTION('',(0.,0.,1.));
#1974=DIRECTION('',(1.,0.,0.));
#1975=DIRECTION('',(0.,0.,1.));
#1976=DIRECTION('',(1.,0.,0.));
#1977=DIRECTION('',(0.,0.,1.));
#1978=DIRECTION('',(1.,0.,0.));
#1979=DIRECTION('',(0.,0.,1.));
#1980=DIRECTION('',(1.,0.,0.));
#1981=DIRECTION('',(0.,0.,1.));
#1982=DIRECTION('',(1.,0.,0.));
#1983=DIRECTION('',(0.,0.,-1.));
#1984=DIRECTION('',(-1.,0.,0.));
#1985=DIRECTION('',(0.,0.,1.));
#1986=DIRECTION('',(1.,0.,0.));
#1987=DIRECTION('',(0.,0.,1.));
#1988=DIRECTION('',(1.,0.,0.));
#1989=DIRECTION('',(0.,0.,-1.));
#1990=DIRECTION('',(-1.,0.,0.));
#1991=DIRECTION('',(0.,0.,1.));
#1992=DIRECTION('',(1.,0.,0.));
#1993=DIRECTION('',(0.,0.,1.));
#1994=DIRECTION('',(1.,0.,0.));
#1995=DIRECTION('',(0.,0.,-1.));
#1996=DIRECTION('',(-1.,0.,0.));
#1997=DIRECTION('',(0.,0.,1.));
#1998=DIRECTION('',(1.,0.,0.));
#1999=DIRECTION('',(0.,0.,1.));
#2000=DIRECTION('',(1.,0.,0.));
#2001=DIRECTION('',(0.,0.,-1.));
#2002=DIRECTION('',(-1.,0.,0.));
#2003=DIRECTION('',(0.,0.,1.));
#2004=DIRECTION('',(1.,0.,0.));
#2005=DIRECTION('',(0.,0.,1.));
#2006=DIRECTION('',(1.,0.,0.));
#2007=DIRECTION('',(0.,0.,-1.));
#2008=DIRECTION('',(-1.,0.,0.));
#2009=DIRECTION('',(0.,0.,1.));
#2010=DIRECTION('',(1.,0.,0.));
#2011=DIRECTION('',(0.,0.,1.));
#2012=DIRECTION('',(1.,0.,0.));
#2013=DIRECTION('',(0.,0.,-1.));
#2014=DIRECTION('',(-1.,0.,0.));
#2015=DIRECTION('',(0.,0.,1.));
#2016=DIRECTION('',(1.,0.,0.));
#2017=DIRECTION('',(0.,-1.,0.));
#2018=DIRECTION('',(0.,0.,1.));
#2019=DIRECTION('',(1.,0.,0.));
#2020=DIRECTION('',(1.,0.,0.));
#2021=DIRECTION('',(0.,0.,1.));
#2022=DIRECTION('',(1.,0.,0.));
#2023=DIRECTION('',(0.,-1.,0.));
#2024=DIRECTION('',(0.,0.,1.));
#2025=DIRECTION('',(1.,0.,0.));
#2026=DIRECTION('',(1.,0.,0.));
#2027=DIRECTION('',(0.,0.,1.));
#2028=DIRECTION('',(1.,0.,0.));
#2029=DIRECTION('',(0.,0.,-1.));
#2030=DIRECTION('',(-1.,0.,0.));
#2031=DIRECTION('',(0.,0.,-1.));
#2032=DIRECTION('',(0.,0.,-1.));
#2033=DIRECTION('',(0.,1.,0.));
#2034=DIRECTION('',(0.,0.,1.));
#2035=DIRECTION('',(0.,0.,-1.));
#2036=DIRECTION('',(0.,0.,-1.));
#2037=DIRECTION('',(-1.,0.,0.));
#2038=DIRECTION('',(0.,0.,-1.));
#2039=DIRECTION('',(1.,0.,0.));
#2040=DIRECTION('',(0.,0.,-1.));
#2041=DIRECTION('',(0.,0.,-1.));
#2042=DIRECTION('',(0.,0.,-1.));
#2043=DIRECTION('',(-1.,0.,0.));
#2044=DIRECTION('',(0.,0.,-1.));
#2045=DIRECTION('',(0.,1.,0.));
#2046=DIRECTION('',(0.,0.,1.));
#2047=DIRECTION('',(0.,0.,-1.));
#2048=DIRECTION('',(0.,0.,-1.));
#2049=DIRECTION('',(0.,0.,-1.));
#2050=DIRECTION('',(1.,0.,1.33783301489214E-16));
#2051=DIRECTION('',(0.,0.,-1.));
#2052=DIRECTION('',(-1.,0.,0.));
#2053=DIRECTION('',(0.,0.,-1.));
#2054=DIRECTION('',(1.,0.,0.));
#2055=DIRECTION('',(0.,0.,-1.));
#2056=DIRECTION('',(-1.33783301489214E-16,0.,1.));
#2057=DIRECTION('',(1.,0.,1.33783301489214E-16));
#2058=DIRECTION('',(0.,-1.,0.));
#2059=DIRECTION('',(0.,-1.,0.));
#2060=DIRECTION('',(1.,0.,0.));
#2061=DIRECTION('',(0.,0.,-1.));
#2062=DIRECTION('',(1.,0.,0.));
#2063=DIRECTION('',(0.,0.,-1.));
#2064=CARTESIAN_POINT('',(0.,0.,0.));
#2065=CARTESIAN_POINT('',(-0.199444989562034,0.0783120644092559,0.007));
#2066=CARTESIAN_POINT('',(-0.199444989562034,0.0783120644092559,0.003));
#2067=CARTESIAN_POINT('',(-0.199444989562034,0.083312064409256,0.003));
#2068=CARTESIAN_POINT('',(-0.204444989562034,0.078312064409256,0.003));
#2069=CARTESIAN_POINT('',(-0.199444989562034,0.083312064409256,0.007));
#2070=CARTESIAN_POINT('',(-0.199444989562034,0.083312064409256,0.007));
#2071=CARTESIAN_POINT('',(-0.199444989562034,0.0783120644092559,0.007));
#2072=CARTESIAN_POINT('',(-0.204444989562034,0.078312064409256,0.007));
#2073=CARTESIAN_POINT('',(-0.204444989562034,0.078312064409256,0.007));
#2074=CARTESIAN_POINT('',(-0.0808752216398716,0.083312064409256,0.007));
#2075=CARTESIAN_POINT('',(-0.0808752216398716,0.083312064409256,0.003));
#2076=CARTESIAN_POINT('',(0.0376945462822914,0.083312064409256,0.003));
#2077=CARTESIAN_POINT('',(0.0376945462822914,0.083312064409256,0.007));
#2078=CARTESIAN_POINT('',(0.0376945462822914,0.083312064409256,0.007));
#2079=CARTESIAN_POINT('',(-0.0808752216398716,0.083312064409256,0.007));
#2080=CARTESIAN_POINT('',(0.0376945462822913,0.078312064409256,0.007));
#2081=CARTESIAN_POINT('',(0.0376945462822913,0.078312064409256,0.003));
#2082=CARTESIAN_POINT('',(0.0426945462822914,0.078312064409256,0.003));
#2083=CARTESIAN_POINT('',(0.0426945462822914,0.078312064409256,0.007));
#2084=CARTESIAN_POINT('',(0.0426945462822914,0.078312064409256,0.007));
#2085=CARTESIAN_POINT('',(0.0376945462822913,0.078312064409256,0.007));
#2086=CARTESIAN_POINT('',(0.0426945462822914,0.0755170919001102,0.007));
#2087=CARTESIAN_POINT('',(0.0426945462822914,0.0755170919001102,0.003));
#2088=CARTESIAN_POINT('',(0.0426945462822914,0.0727221193909645,0.003));
#2089=CARTESIAN_POINT('',(0.0426945462822914,0.0727221193909645,0.007));
#2090=CARTESIAN_POINT('',(0.0426945462822914,0.0727221193909645,0.007));
#2091=CARTESIAN_POINT('',(0.0426945462822914,0.0755170919001102,0.007));
#2092=CARTESIAN_POINT('',(0.0376945462822914,0.0727221193909645,0.007));
#2093=CARTESIAN_POINT('',(0.0376945462822914,0.0727221193909645,0.003));
#2094=CARTESIAN_POINT('',(0.0376945462822914,0.0677221193909645,0.003));
#2095=CARTESIAN_POINT('',(0.0376945462822914,0.0677221193909645,0.007));
#2096=CARTESIAN_POINT('',(0.0376945462822914,0.0677221193909645,0.007));
#2097=CARTESIAN_POINT('',(0.0376945462822914,0.0727221193909645,0.007));
#2098=CARTESIAN_POINT('',(-0.0808752216398716,0.0677221193909645,0.007));
#2099=CARTESIAN_POINT('',(-0.0808752216398716,0.0677221193909645,0.003));
#2100=CARTESIAN_POINT('',(-0.199444989562034,0.0677221193909645,0.003));
#2101=CARTESIAN_POINT('',(-0.199444989562034,0.0677221193909645,0.007));
#2102=CARTESIAN_POINT('',(-0.199444989562034,0.0677221193909645,0.007));
#2103=CARTESIAN_POINT('',(-0.0808752216398716,0.0677221193909645,0.007));
#2104=CARTESIAN_POINT('',(-0.199444989562034,0.0727221193909645,0.007));
#2105=CARTESIAN_POINT('',(-0.199444989562034,0.0727221193909645,0.003));
#2106=CARTESIAN_POINT('',(-0.204444989562034,0.0727221193909645,0.003));
#2107=CARTESIAN_POINT('',(-0.204444989562034,0.0727221193909645,0.007));
#2108=CARTESIAN_POINT('',(-0.204444989562034,0.0727221193909645,0.007));
#2109=CARTESIAN_POINT('',(-0.199444989562034,0.0727221193909645,0.007));
#2110=CARTESIAN_POINT('',(0.0904484438896179,0.0702417242527008,0.007));
#2111=CARTESIAN_POINT('',(0.0904484438896179,0.0702417242527008,0.003));
#2112=CARTESIAN_POINT('',(0.0854484438896179,0.0702417242527008,0.003));
#2113=CARTESIAN_POINT('',(0.0904484438896179,0.0652417242527008,0.003));
#2114=CARTESIAN_POINT('',(0.0854484438896179,0.0702417242527008,0.007));
#2115=CARTESIAN_POINT('',(0.0854484438896179,0.0702417242527008,0.007));
#2116=CARTESIAN_POINT('',(0.0904484438896179,0.0702417242527008,0.007));
#2117=CARTESIAN_POINT('',(0.0904484438896179,0.0652417242527008,0.007));
#2118=CARTESIAN_POINT('',(0.0904484438896179,0.0652417242527008,0.007));
#2119=CARTESIAN_POINT('',(0.0854484438896179,0.0742768943309784,0.007));
#2120=CARTESIAN_POINT('',(0.0854484438896179,0.0742768943309784,0.003));
#2121=CARTESIAN_POINT('',(0.0854484438896179,0.078312064409256,0.003));
#2122=CARTESIAN_POINT('',(0.0854484438896179,0.078312064409256,0.007));
#2123=CARTESIAN_POINT('',(0.0854484438896179,0.078312064409256,0.007));
#2124=CARTESIAN_POINT('',(0.0854484438896179,0.0742768943309784,0.007));
#2125=CARTESIAN_POINT('',(0.090448443889618,0.078312064409256,0.007));
#2126=CARTESIAN_POINT('',(0.090448443889618,0.078312064409256,0.003));
#2127=CARTESIAN_POINT('',(0.090448443889618,0.083312064409256,0.003));
#2128=CARTESIAN_POINT('',(0.090448443889618,0.083312064409256,0.007));
#2129=CARTESIAN_POINT('',(0.090448443889618,0.083312064409256,0.007));
#2130=CARTESIAN_POINT('',(0.090448443889618,0.078312064409256,0.007));
#2131=CARTESIAN_POINT('',(0.125939466059208,0.083312064409256,0.007));
#2132=CARTESIAN_POINT('',(0.125939466059208,0.083312064409256,0.003));
#2133=CARTESIAN_POINT('',(0.161430488228798,0.083312064409256,0.003));
#2134=CARTESIAN_POINT('',(0.161430488228798,0.083312064409256,0.007));
#2135=CARTESIAN_POINT('',(0.161430488228798,0.083312064409256,0.007));
#2136=CARTESIAN_POINT('',(0.125939466059208,0.083312064409256,0.007));
#2137=CARTESIAN_POINT('',(0.161430488228798,0.0783120644092561,0.007));
#2138=CARTESIAN_POINT('',(0.161430488228798,0.0783120644092561,0.003));
#2139=CARTESIAN_POINT('',(0.166430488228798,0.078312064409256,0.003));
#2140=CARTESIAN_POINT('',(0.166430488228798,0.078312064409256,0.007));
#2141=CARTESIAN_POINT('',(0.166430488228798,0.078312064409256,0.007));
#2142=CARTESIAN_POINT('',(0.161430488228798,0.0783120644092561,0.007));
#2143=CARTESIAN_POINT('',(0.166430488228798,0.0742768943309784,0.007));
#2144=CARTESIAN_POINT('',(0.166430488228798,0.0742768943309784,0.003));
#2145=CARTESIAN_POINT('',(0.166430488228798,0.0702417242527008,0.003));
#2146=CARTESIAN_POINT('',(0.166430488228798,0.0702417242527008,0.007));
#2147=CARTESIAN_POINT('',(0.166430488228798,0.0702417242527008,0.007));
#2148=CARTESIAN_POINT('',(0.166430488228798,0.0742768943309784,0.007));
#2149=CARTESIAN_POINT('',(0.161430488228798,0.0702417242527007,0.007));
#2150=CARTESIAN_POINT('',(0.161430488228798,0.0702417242527007,0.003));
#2151=CARTESIAN_POINT('',(0.161430488228798,0.0652417242527008,0.003));
#2152=CARTESIAN_POINT('',(0.161430488228798,0.0652417242527008,0.007));
#2153=CARTESIAN_POINT('',(0.161430488228798,0.0652417242527008,0.007));
#2154=CARTESIAN_POINT('',(0.161430488228798,0.0702417242527007,0.007));
#2155=CARTESIAN_POINT('',(0.0472298389971256,0.0592047311365604,0.007));
#2156=CARTESIAN_POINT('',(0.0472298389971256,0.0592047311365604,0.003));
#2157=CARTESIAN_POINT('',(0.0472298389971256,0.0622047311365604,0.003));
#2158=CARTESIAN_POINT('',(0.0442298389971256,0.0592047311365604,0.003));
#2159=CARTESIAN_POINT('',(0.0472298389971256,0.0622047311365604,0.007));
#2160=CARTESIAN_POINT('',(0.0472298389971256,0.0622047311365604,0.007));
#2161=CARTESIAN_POINT('',(0.0472298389971256,0.0592047311365604,0.007));
#2162=CARTESIAN_POINT('',(0.0442298389971256,0.0592047311365604,0.007));
#2163=CARTESIAN_POINT('',(0.0442298389971256,0.0592047311365604,0.007));
#2164=CARTESIAN_POINT('',(0.0636827889829874,0.0622047311365604,0.007));
#2165=CARTESIAN_POINT('',(0.0636827889829874,0.0622047311365604,0.003));
#2166=CARTESIAN_POINT('',(0.0801357389688492,0.0622047311365604,0.003));
#2167=CARTESIAN_POINT('',(0.0801357389688492,0.0622047311365604,0.007));
#2168=CARTESIAN_POINT('',(0.0801357389688492,0.0622047311365604,0.007));
#2169=CARTESIAN_POINT('',(0.0636827889829874,0.0622047311365604,0.007));
#2170=CARTESIAN_POINT('',(0.0801357389688492,0.0592047311365604,0.007));
#2171=CARTESIAN_POINT('',(0.0801357389688492,0.0592047311365604,0.003));
#2172=CARTESIAN_POINT('',(0.0831357389688492,0.0592047311365604,0.003));
#2173=CARTESIAN_POINT('',(0.0831357389688492,0.0592047311365604,0.007));
#2174=CARTESIAN_POINT('',(0.0831357389688492,0.0592047311365604,0.007));
#2175=CARTESIAN_POINT('',(0.0801357389688492,0.0592047311365604,0.007));
#2176=CARTESIAN_POINT('',(0.122283113598824,0.0592047311365604,0.007));
#2177=CARTESIAN_POINT('',(0.122283113598824,0.0592047311365604,0.003));
#2178=CARTESIAN_POINT('',(0.161430488228798,0.0592047311365604,0.003));
#2179=CARTESIAN_POINT('',(0.161430488228798,0.0592047311365604,0.007));
#2180=CARTESIAN_POINT('',(0.161430488228798,0.0592047311365604,0.007));
#2181=CARTESIAN_POINT('',(0.122283113598824,0.0592047311365604,0.007));
#2182=CARTESIAN_POINT('',(0.161430488228798,0.0542047311365605,0.007));
#2183=CARTESIAN_POINT('',(0.161430488228798,0.0542047311365605,0.003));
#2184=CARTESIAN_POINT('',(0.166430488228798,0.0542047311365604,0.003));
#2185=CARTESIAN_POINT('',(0.166430488228798,0.0542047311365604,0.007));
#2186=CARTESIAN_POINT('',(0.166430488228798,0.0542047311365604,0.007));
#2187=CARTESIAN_POINT('',(0.161430488228798,0.0542047311365605,0.007));
#2188=CARTESIAN_POINT('',(0.166430488228798,0.0125084725916386,0.007));
#2189=CARTESIAN_POINT('',(0.166430488228798,0.0125084725916386,0.003));
#2190=CARTESIAN_POINT('',(0.166430488228798,-0.0291877859532833,0.003));
#2191=CARTESIAN_POINT('',(0.166430488228798,-0.0291877859532833,0.007));
#2192=CARTESIAN_POINT('',(0.166430488228798,-0.0291877859532833,0.007));
#2193=CARTESIAN_POINT('',(0.166430488228798,0.0125084725916386,0.007));
#2194=CARTESIAN_POINT('',(0.161430488228798,-0.0291877859532833,0.007));
#2195=CARTESIAN_POINT('',(0.161430488228798,-0.0291877859532833,0.003));
#2196=CARTESIAN_POINT('',(0.161430488228798,-0.0341877859532833,0.003));
#2197=CARTESIAN_POINT('',(0.161430488228798,-0.0341877859532833,0.007));
#2198=CARTESIAN_POINT('',(0.161430488228798,-0.0341877859532833,0.007));
#2199=CARTESIAN_POINT('',(0.161430488228798,-0.0291877859532833,0.007));
#2200=CARTESIAN_POINT('',(0.0751361396312714,-0.0341877859532833,0.007));
#2201=CARTESIAN_POINT('',(0.0751361396312714,-0.0341877859532833,0.003));
#2202=CARTESIAN_POINT('',(-0.0126101815672826,-0.0341877859532833,0.003));
#2203=CARTESIAN_POINT('',(-0.0126101815672826,-0.0341877859532833,0.007));
#2204=CARTESIAN_POINT('',(-0.0126101815672826,-0.0341877859532833,0.007));
#2205=CARTESIAN_POINT('',(0.0751361396312714,-0.0341877859532833,0.007));
#2206=CARTESIAN_POINT('',(-0.0156101815672826,-0.0341877859532833,0.007));
#2207=CARTESIAN_POINT('',(-0.0156101815672826,-0.0341877859532833,0.003));
#2208=CARTESIAN_POINT('',(-0.0156101815672826,-0.0371877859532833,0.003));
#2209=CARTESIAN_POINT('',(-0.0156101815672826,-0.0371877859532833,0.007));
#2210=CARTESIAN_POINT('',(-0.0156101815672826,-0.0371877859532833,0.007));
#2211=CARTESIAN_POINT('',(-0.0156101815672826,-0.0341877859532833,0.007));
#2212=CARTESIAN_POINT('',(-0.0754057857409559,-0.0371877859532833,0.007));
#2213=CARTESIAN_POINT('',(-0.0754057857409559,-0.0371877859532833,0.003));
#2214=CARTESIAN_POINT('',(-0.135201389914629,-0.0371877859532833,0.003));
#2215=CARTESIAN_POINT('',(-0.135201389914629,-0.0371877859532833,0.007));
#2216=CARTESIAN_POINT('',(-0.135201389914629,-0.0371877859532833,0.007));
#2217=CARTESIAN_POINT('',(-0.0754057857409559,-0.0371877859532833,0.007));
#2218=CARTESIAN_POINT('',(-0.135201389914629,-0.0341877859532833,0.007));
#2219=CARTESIAN_POINT('',(-0.135201389914629,-0.0341877859532833,0.003));
#2220=CARTESIAN_POINT('',(-0.138201389914629,-0.0341877859532833,0.003));
#2221=CARTESIAN_POINT('',(-0.138201389914629,-0.0341877859532833,0.007));
#2222=CARTESIAN_POINT('',(-0.138201389914629,-0.0341877859532833,0.007));
#2223=CARTESIAN_POINT('',(-0.135201389914629,-0.0341877859532833,0.007));
#2224=CARTESIAN_POINT('',(-0.138886578443585,-0.0341877859532833,0.007));
#2225=CARTESIAN_POINT('',(-0.138886578443585,-0.0341877859532833,0.003));
#2226=CARTESIAN_POINT('',(-0.199444989562034,-0.0341877859532833,0.003));
#2227=CARTESIAN_POINT('',(-0.199444989562034,-0.0341877859532833,0.007));
#2228=CARTESIAN_POINT('',(-0.199444989562034,-0.0341877859532833,0.007));
#2229=CARTESIAN_POINT('',(-0.138886578443585,-0.0341877859532833,0.007));
#2230=CARTESIAN_POINT('',(-0.199444989562034,-0.0291877859532833,0.007));
#2231=CARTESIAN_POINT('',(-0.199444989562034,-0.0291877859532833,0.003));
#2232=CARTESIAN_POINT('',(-0.204444989562034,-0.0291877859532833,0.003));
#2233=CARTESIAN_POINT('',(-0.204444989562034,-0.0291877859532833,0.007));
#2234=CARTESIAN_POINT('',(-0.204444989562034,-0.0291877859532833,0.007));
#2235=CARTESIAN_POINT('',(-0.199444989562034,-0.0291877859532833,0.007));
#2236=CARTESIAN_POINT('',(-0.204444989562034,0.0125084725916386,0.007));
#2237=CARTESIAN_POINT('',(-0.204444989562034,0.0125084725916386,0.003));
#2238=CARTESIAN_POINT('',(-0.204444989562034,0.0542047311365604,0.003));
#2239=CARTESIAN_POINT('',(-0.204444989562034,0.0542047311365604,0.007));
#2240=CARTESIAN_POINT('',(-0.204444989562034,0.0542047311365604,0.007));
#2241=CARTESIAN_POINT('',(-0.204444989562034,0.0125084725916386,0.007));
#2242=CARTESIAN_POINT('',(-0.199444989562034,0.0542047311365604,0.007));
#2243=CARTESIAN_POINT('',(-0.199444989562034,0.0542047311365604,0.003));
#2244=CARTESIAN_POINT('',(-0.199444989562034,0.0592047311365604,0.003));
#2245=CARTESIAN_POINT('',(-0.199444989562034,0.0592047311365604,0.007));
#2246=CARTESIAN_POINT('',(-0.199444989562034,0.0592047311365604,0.007));
#2247=CARTESIAN_POINT('',(-0.199444989562034,0.0542047311365604,0.007));
#2248=CARTESIAN_POINT('',(0.125939466059208,0.0652417242527008,0.007));
#2249=CARTESIAN_POINT('',(0.125939466059208,0.0652417242527008,0.003));
#2250=CARTESIAN_POINT('',(0.125939466059208,0.0652417242527008,0.007));
#2251=CARTESIAN_POINT('',(-0.207388350672722,0.0869357094883919,0.007));
#2252=CARTESIAN_POINT('',(-0.207388350672722,0.0869357094883919,0.007));
#2253=CARTESIAN_POINT('',(-0.205038350672722,0.0869357094883919,0.007));
#2254=CARTESIAN_POINT('',(-0.207388350672722,0.0869357094883919,0.003));
#2255=CARTESIAN_POINT('',(-0.205038350672722,0.0869357094883919,0.003));
#2256=CARTESIAN_POINT('',(-0.000654399772631005,0.0869980058193207,0.007));
#2257=CARTESIAN_POINT('',(-0.000654399772631005,0.0869980058193207,0.007));
#2258=CARTESIAN_POINT('',(0.00169560022736899,0.0869980058193207,0.007));
#2259=CARTESIAN_POINT('',(-0.000654399772631005,0.0869980058193207,0.003));
#2260=CARTESIAN_POINT('',(0.00169560022736899,0.0869980058193207,0.003));
#2261=CARTESIAN_POINT('',(0.205962988972664,0.0871367488384247,0.007));
#2262=CARTESIAN_POINT('',(0.205962988972664,0.0871367488384247,0.007));
#2263=CARTESIAN_POINT('',(0.208312988972664,0.0871367488384247,0.007));
#2264=CARTESIAN_POINT('',(0.205962988972664,0.0871367488384247,0.003));
#2265=CARTESIAN_POINT('',(0.208312988972664,0.0871367488384247,0.003));
#2266=CARTESIAN_POINT('',(0.205952034311294,-0.0384312484431267,0.007));
#2267=CARTESIAN_POINT('',(0.205952034311294,-0.0384312484431267,0.007));
#2268=CARTESIAN_POINT('',(0.208302034311294,-0.0384312484431267,0.007));
#2269=CARTESIAN_POINT('',(0.205952034311294,-0.0384312484431267,0.003));
#2270=CARTESIAN_POINT('',(0.208302034311294,-0.0384312484431267,0.003));
#2271=CARTESIAN_POINT('',(-0.00067,-0.0385360073578358,0.007));
#2272=CARTESIAN_POINT('',(-0.00067,-0.0385360073578358,0.007));
#2273=CARTESIAN_POINT('',(0.00168,-0.0385360073578358,0.007));
#2274=CARTESIAN_POINT('',(-0.00067,-0.0385360073578358,0.003));
#2275=CARTESIAN_POINT('',(0.00168,-0.0385360073578358,0.003));
#2276=CARTESIAN_POINT('',(-0.207417107278687,-0.0385759678612247,0.007));
#2277=CARTESIAN_POINT('',(-0.207417107278687,-0.0385759678612247,0.007));
#2278=CARTESIAN_POINT('',(-0.205067107278687,-0.0385759678612247,0.007));
#2279=CARTESIAN_POINT('',(-0.207417107278687,-0.0385759678612247,0.003));
#2280=CARTESIAN_POINT('',(-0.205067107278687,-0.0385759678612247,0.003));
#2281=CARTESIAN_POINT('',(-0.0776075752824545,0.0592047311365604,0.007));
#2282=CARTESIAN_POINT('',(-0.0776075752824545,0.0592047311365604,0.003));
#2283=CARTESIAN_POINT('',(-0.0776075752824545,0.0592047311365604,0.007));
#2284=CARTESIAN_POINT('',(-0.204444989562034,0.0755170919001102,0.007));
#2285=CARTESIAN_POINT('',(-0.204444989562034,0.0755170919001102,0.003));
#2286=CARTESIAN_POINT('',(-0.204444989562034,0.0755170919001102,0.007));
#2287=CARTESIAN_POINT('',(-0.000907861126127951,0.0246033054565872,0.007));
#2288=CARTESIAN_POINT('',(0.207909138873872,0.0898665674442483,0.007));
#2289=CARTESIAN_POINT('',(0.212909138873872,0.0898665674442483,0.007));
#2290=CARTESIAN_POINT('',(0.207909138873872,0.0948665674442483,0.007));
#2291=CARTESIAN_POINT('',(-0.000907861126127951,0.0948665674442483,0.007));
#2292=CARTESIAN_POINT('',(-0.209724861126128,0.0948665674442483,0.007));
#2293=CARTESIAN_POINT('',(-0.209724861126128,0.0898665674442483,0.007));
#2294=CARTESIAN_POINT('',(-0.214724861126128,0.0898665674442483,0.007));
#2295=CARTESIAN_POINT('',(-0.214724861126128,0.0249917308429411,0.007));
#2296=CARTESIAN_POINT('',(-0.214724861126128,-0.0398831057583661,0.007));
#2297=CARTESIAN_POINT('',(-0.209724861126128,-0.0398831057583661,0.007));
#2298=CARTESIAN_POINT('',(-0.209724861126128,-0.0448831057583661,0.007));
#2299=CARTESIAN_POINT('',(-0.000907861126127951,-0.0448831057583661,0.007));
#2300=CARTESIAN_POINT('',(0.207909138873872,-0.0448831057583661,0.007));
#2301=CARTESIAN_POINT('',(0.207909138873872,-0.0398831057583661,0.007));
#2302=CARTESIAN_POINT('',(0.212909138873872,-0.0398831057583661,0.007));
#2303=CARTESIAN_POINT('',(0.212909138873872,0.0249917308429411,0.007));
#2304=CARTESIAN_POINT('',(-0.000907861126127951,0.0246033054565872,0.003));
#2305=CARTESIAN_POINT('',(-0.000907861126127951,0.0246033054565872,0.003));
#2306=CARTESIAN_POINT('',(0.0982594500958919,0.00615500239655376,0.003));
#2307=CARTESIAN_POINT('',(0.100509450095892,0.00615500239655376,0.003));
#2308=CARTESIAN_POINT('',(0.0219594500958919,0.00615500239655376,0.003));
#2309=CARTESIAN_POINT('',(0.0242094500958919,0.00615500239655376,0.003));
#2310=CARTESIAN_POINT('',(-0.130640369999409,0.00607345765456557,0.003));
#2311=CARTESIAN_POINT('',(-0.128390369999409,0.00607345765456557,0.003));
#2312=CARTESIAN_POINT('',(-0.0543403699994087,0.00628032675012946,0.003));
#2313=CARTESIAN_POINT('',(-0.0520903699994087,0.00628032675012946,0.003));
#2314=CARTESIAN_POINT('',(-0.000907861126127951,0.0246033054565872,0.003));
#2315=CARTESIAN_POINT('',(-0.000907861126127951,0.0246033054565872,0.003));
#2316=CARTESIAN_POINT('',(-0.000907861126127951,0.0246033054565872,0.003));
#2317=CARTESIAN_POINT('',(-0.000907861126127951,0.0246033054565872,0.003));
#2318=CARTESIAN_POINT('',(-0.000907861126127951,0.0246033054565872,0.003));
#2319=CARTESIAN_POINT('',(-0.000907861126127951,0.0246033054565872,0.003));
#2320=CARTESIAN_POINT('',(-0.000907861126127951,0.0246033054565872,0.003));
#2321=CARTESIAN_POINT('',(-0.0543403699994087,0.00628032675012946,0.007));
#2322=CARTESIAN_POINT('',(-0.0543403699994087,0.00628032675012946,0.007));
#2323=CARTESIAN_POINT('',(-0.0520903699994087,0.00628032675012946,0.007));
#2324=CARTESIAN_POINT('',(-0.000907861126127951,0.0246033054565872,0.007));
#2325=CARTESIAN_POINT('',(-0.130640369999409,0.00607345765456557,0.007));
#2326=CARTESIAN_POINT('',(-0.130640369999409,0.00607345765456557,0.007));
#2327=CARTESIAN_POINT('',(-0.128390369999409,0.00607345765456557,0.007));
#2328=CARTESIAN_POINT('',(-0.000907861126127951,0.0246033054565872,0.007));
#2329=CARTESIAN_POINT('',(0.0219594500958919,0.00615500239655376,0.007));
#2330=CARTESIAN_POINT('',(0.0219594500958919,0.00615500239655376,0.007));
#2331=CARTESIAN_POINT('',(0.0242094500958919,0.00615500239655376,0.007));
#2332=CARTESIAN_POINT('',(-0.000907861126127951,0.0246033054565872,0.007));
#2333=CARTESIAN_POINT('',(0.0982594500958919,0.00615500239655376,0.007));
#2334=CARTESIAN_POINT('',(0.0982594500958919,0.00615500239655376,0.007));
#2335=CARTESIAN_POINT('',(0.100509450095892,0.00615500239655376,0.007));
#2336=CARTESIAN_POINT('',(-0.000907861126127951,0.0246033054565872,0.007));
#2337=CARTESIAN_POINT('',(0.207909138873872,0.0898665674442483,0.0115));
#2338=CARTESIAN_POINT('',(0.212909138873872,0.0898665674442483,0.0115));
#2339=CARTESIAN_POINT('',(0.212909138873872,0.0898665674442483,0.0115));
#2340=CARTESIAN_POINT('',(0.207909138873872,0.0898665674442483,0.0115));
#2341=CARTESIAN_POINT('',(0.207909138873872,0.0948665674442483,0.0115));
#2342=CARTESIAN_POINT('',(0.207909138873872,0.0948665674442483,0.0115));
#2343=CARTESIAN_POINT('',(0.212909138873872,0.0249917308429411,0.0115));
#2344=CARTESIAN_POINT('',(0.212909138873872,-0.0398831057583661,0.0115));
#2345=CARTESIAN_POINT('',(0.212909138873872,-0.0398831057583661,0.0115));
#2346=CARTESIAN_POINT('',(0.212909138873872,0.0249917308429411,0.0115));
#2347=CARTESIAN_POINT('',(0.207909138873872,-0.0398831057583661,0.0115));
#2348=CARTESIAN_POINT('',(0.207909138873872,-0.0448831057583661,0.0115));
#2349=CARTESIAN_POINT('',(0.207909138873872,-0.0448831057583661,0.0115));
#2350=CARTESIAN_POINT('',(0.207909138873872,-0.0398831057583661,0.0115));
#2351=CARTESIAN_POINT('',(-0.000907861126127951,-0.0448831057583661,0.0115));
#2352=CARTESIAN_POINT('',(-0.209724861126128,-0.0448831057583661,0.0115));
#2353=CARTESIAN_POINT('',(-0.209724861126128,-0.0448831057583661,0.0115));
#2354=CARTESIAN_POINT('',(-0.000907861126127951,-0.0448831057583661,0.0115));
#2355=CARTESIAN_POINT('',(-0.209724861126128,-0.0398831057583661,0.0115));
#2356=CARTESIAN_POINT('',(-0.214724861126128,-0.0398831057583661,0.0115));
#2357=CARTESIAN_POINT('',(-0.214724861126128,-0.0398831057583661,0.0115));
#2358=CARTESIAN_POINT('',(-0.209724861126128,-0.0398831057583661,0.0115));
#2359=CARTESIAN_POINT('',(-0.214724861126128,0.0249917308429411,0.0115));
#2360=CARTESIAN_POINT('',(-0.214724861126128,0.0898665674442483,0.0115));
#2361=CARTESIAN_POINT('',(-0.214724861126128,0.0898665674442483,0.0115));
#2362=CARTESIAN_POINT('',(-0.214724861126128,0.0249917308429411,0.0115));
#2363=CARTESIAN_POINT('',(-0.209724861126128,0.0898665674442483,0.0115));
#2364=CARTESIAN_POINT('',(-0.209724861126128,0.0948665674442483,0.0115));
#2365=CARTESIAN_POINT('',(-0.209724861126128,0.0948665674442483,0.0115));
#2366=CARTESIAN_POINT('',(-0.209724861126128,0.0898665674442483,0.0115));
#2367=CARTESIAN_POINT('',(-0.000907861126127951,0.0948665674442483,0.0115));
#2368=CARTESIAN_POINT('',(-0.000907861126127951,0.0948665674442483,0.0115));
#2369=CARTESIAN_POINT('',(0.198938788686289,0.0948665674442483,0.0115));
#2370=CARTESIAN_POINT('',(0.198938788686289,0.0948665674442483,0.0115));
#2371=CARTESIAN_POINT('',(0.198938788686289,0.0948665674442483,0.0070555704963066));
#2372=CARTESIAN_POINT('',(-0.000907861126127951,0.0948665674442483,0.00705557049630657));
#2373=CARTESIAN_POINT('',(0.179488788686289,0.0948665674442483,0.00705557049630659));
#2374=CARTESIAN_POINT('',(0.179488788686289,0.0948665674442483,0.0115));
#2375=CARTESIAN_POINT('',(0.179488788686289,0.0948665674442483,0.0115));
#2376=CARTESIAN_POINT('',(-0.000907861126127951,0.0948665674442483,0.0115));
#2377=CARTESIAN_POINT('',(-0.000907861126127951,0.0246033054565872,0.0115));
#2378=CARTESIAN_POINT('',(0.198938788686289,0.0246033054565872,0.0115));
#2379=CARTESIAN_POINT('',(0.198938788686289,0.10408971667154,0.0115));
#2380=CARTESIAN_POINT('',(0.179488788686289,0.0246033054565872,0.0115));
#2381=CARTESIAN_POINT('',(0.179488788686289,0.10408971667154,0.0115));
#2382=CARTESIAN_POINT('',(-0.000907861126127951,0.10408971667154,0.0115));
#2383=CARTESIAN_POINT('',(-0.219724861126128,0.10408971667154,0.0115));
#2384=CARTESIAN_POINT('',(-0.219724861126128,0.0990897166715403,0.0115));
#2385=CARTESIAN_POINT('',(-0.224724861126128,0.0990897166715404,0.0115));
#2386=CARTESIAN_POINT('',(-0.224724861126128,0.0246033054565872,0.0115));
#2387=CARTESIAN_POINT('',(-0.224724861126128,-0.049883105758366,0.0115));
#2388=CARTESIAN_POINT('',(-0.219724861126128,-0.0498831057583661,0.0115));
#2389=CARTESIAN_POINT('',(-0.219724861126128,-0.0548831057583661,0.0115));
#2390=CARTESIAN_POINT('',(-0.000907861126127951,-0.0548831057583661,0.0115));
#2391=CARTESIAN_POINT('',(0.217909138873872,-0.0548831057583661,0.0115));
#2392=CARTESIAN_POINT('',(0.217909138873872,-0.0498831057583661,0.0115));
#2393=CARTESIAN_POINT('',(0.222909138873872,-0.049883105758366,0.0115));
#2394=CARTESIAN_POINT('',(0.222909138873872,0.0246033054565872,0.0115));
#2395=CARTESIAN_POINT('',(0.222909138873872,0.0990897166715404,0.0115));
#2396=CARTESIAN_POINT('',(0.217909138873872,0.0990897166715404,0.0115));
#2397=CARTESIAN_POINT('',(0.217909138873872,0.10408971667154,0.0115));
#2398=CARTESIAN_POINT('',(-0.000907861126127951,0.10408971667154,0.0115));
#2399=CARTESIAN_POINT('',(-0.219724861126128,0.0990897166715404,0.0115));
#2400=CARTESIAN_POINT('',(-0.217374861126128,0.0990897166715404,0.0115));
#2401=CARTESIAN_POINT('',(-0.000917664562016726,0.0991232668447494,0.0115));
#2402=CARTESIAN_POINT('',(0.00143233543798327,0.0991232668447494,0.0115));
#2403=CARTESIAN_POINT('',(0.218063049082756,0.0991064793014527,0.0115));
#2404=CARTESIAN_POINT('',(0.220413049082756,0.0991064793014527,0.0115));
#2405=CARTESIAN_POINT('',(0.218159138873872,-0.050033105758366,0.0115));
#2406=CARTESIAN_POINT('',(0.220509138873872,-0.050033105758366,0.0115));
#2407=CARTESIAN_POINT('',(-0.000738751375670737,-0.0500139892101288,0.0115));
#2408=CARTESIAN_POINT('',(0.00161124862432926,-0.0500139892101288,0.0115));
#2409=CARTESIAN_POINT('',(-0.219724861126128,-0.049883105758366,0.0115));
#2410=CARTESIAN_POINT('',(-0.217374861126128,-0.049883105758366,0.0115));
#2411=CARTESIAN_POINT('',(-0.000907861126127951,0.0246033054565872,0.003));
#2412=CARTESIAN_POINT('',(-0.219724861126128,0.0990897166715404,0.003));
#2413=CARTESIAN_POINT('',(-0.217374861126128,0.0990897166715404,0.003));
#2414=CARTESIAN_POINT('',(-0.219724861126128,0.0990897166715404,0.007));
#2415=CARTESIAN_POINT('',(-0.000907861126127951,0.0246033054565872,0.003));
#2416=CARTESIAN_POINT('',(-0.000917664562016726,0.0991232668447494,0.003));
#2417=CARTESIAN_POINT('',(0.00143233543798327,0.0991232668447494,0.003));
#2418=CARTESIAN_POINT('',(-0.000917664562016726,0.0991232668447494,0.007));
#2419=CARTESIAN_POINT('',(-0.000907861126127951,0.0246033054565872,0.003));
#2420=CARTESIAN_POINT('',(0.218063049082756,0.0991064793014527,0.003));
#2421=CARTESIAN_POINT('',(0.220413049082756,0.0991064793014527,0.003));
#2422=CARTESIAN_POINT('',(0.218063049082756,0.0991064793014527,0.007));
#2423=CARTESIAN_POINT('',(-0.000907861126127951,0.0246033054565872,0.003));
#2424=CARTESIAN_POINT('',(0.218159138873872,-0.050033105758366,0.003));
#2425=CARTESIAN_POINT('',(0.220509138873872,-0.050033105758366,0.003));
#2426=CARTESIAN_POINT('',(0.218159138873872,-0.050033105758366,0.007));
#2427=CARTESIAN_POINT('',(-0.000907861126127951,0.0246033054565872,0.003));
#2428=CARTESIAN_POINT('',(-0.000738751375670737,-0.0500139892101288,0.003));
#2429=CARTESIAN_POINT('',(0.00161124862432926,-0.0500139892101288,0.003));
#2430=CARTESIAN_POINT('',(-0.000738751375670737,-0.0500139892101288,0.007));
#2431=CARTESIAN_POINT('',(-0.000907861126127951,0.0246033054565872,0.003));
#2432=CARTESIAN_POINT('',(-0.219724861126128,-0.049883105758366,0.003));
#2433=CARTESIAN_POINT('',(-0.217374861126128,-0.049883105758366,0.003));
#2434=CARTESIAN_POINT('',(-0.219724861126128,-0.049883105758366,0.007));
#2435=CARTESIAN_POINT('',(-0.000907861126127951,0.0246033054565872,0.));
#2436=CARTESIAN_POINT('',(0.222909138873872,0.0246033054565872,0.));
#2437=CARTESIAN_POINT('',(0.222909138873872,0.0990897166715404,0.));
#2438=CARTESIAN_POINT('',(0.222909138873872,-0.049883105758366,0.));
#2439=CARTESIAN_POINT('',(0.217909138873872,-0.0498831057583661,0.));
#2440=CARTESIAN_POINT('',(0.217909138873872,-0.0548831057583661,0.));
#2441=CARTESIAN_POINT('',(-0.000907861126127951,-0.0548831057583661,0.));
#2442=CARTESIAN_POINT('',(-0.219724861126128,-0.0548831057583661,0.));
#2443=CARTESIAN_POINT('',(-0.219724861126128,-0.0498831057583661,0.));
#2444=CARTESIAN_POINT('',(-0.224724861126128,-0.049883105758366,0.));
#2445=CARTESIAN_POINT('',(-0.224724861126128,0.0246033054565872,0.));
#2446=CARTESIAN_POINT('',(-0.224724861126128,0.0990897166715404,0.));
#2447=CARTESIAN_POINT('',(-0.219724861126128,0.0990897166715403,0.));
#2448=CARTESIAN_POINT('',(-0.219724861126128,0.10408971667154,0.));
#2449=CARTESIAN_POINT('',(-0.000907861126127951,0.10408971667154,0.));
#2450=CARTESIAN_POINT('',(0.217909138873872,0.10408971667154,0.));
#2451=CARTESIAN_POINT('',(0.217909138873872,0.0990897166715404,0.));
#2452=CARTESIAN_POINT('',(0.217909138873872,-0.0498831057583661,0.003));
#2453=CARTESIAN_POINT('',(0.222909138873872,-0.049883105758366,0.003));
#2454=CARTESIAN_POINT('',(0.217909138873872,-0.0548831057583661,0.003));
#2455=CARTESIAN_POINT('',(-0.000907861126127951,-0.0548831057583661,0.003));
#2456=CARTESIAN_POINT('',(-0.219724861126128,-0.0548831057583661,0.003));
#2457=CARTESIAN_POINT('',(-0.219724861126128,-0.0498831057583661,0.003));
#2458=CARTESIAN_POINT('',(-0.224724861126128,-0.049883105758366,0.003));
#2459=CARTESIAN_POINT('',(-0.224724861126128,0.0246033054565872,0.003));
#2460=CARTESIAN_POINT('',(-0.224724861126128,0.0990897166715404,0.003));
#2461=CARTESIAN_POINT('',(-0.219724861126128,0.0990897166715403,0.003));
#2462=CARTESIAN_POINT('',(-0.219724861126128,0.10408971667154,0.003));
#2463=CARTESIAN_POINT('',(-0.000907861126127951,0.10408971667154,0.003));
#2464=CARTESIAN_POINT('',(0.198938788686289,0.10408971667154,0.003));
#2465=CARTESIAN_POINT('',(0.198938788686289,0.10408971667154,0.0070555704963066));
#2466=CARTESIAN_POINT('',(0.217909138873872,0.10408971667154,0.003));
#2467=CARTESIAN_POINT('',(0.179488788686289,0.10408971667154,0.003));
#2468=CARTESIAN_POINT('',(0.179488788686289,0.10408971667154,0.00705557049630659));
#2469=CARTESIAN_POINT('',(-0.000907861126127952,0.10408971667154,0.00705557049630657));
#2470=CARTESIAN_POINT('',(0.217909138873872,0.0990897166715404,0.003));
#2471=CARTESIAN_POINT('',(0.222909138873872,0.0990897166715404,0.003));
#2472=CARTESIAN_POINT('',(0.222909138873872,0.0246033054565872,0.003));
#2473=CARTESIAN_POINT('',(0.189213788686289,0.11,0.00705557049630659));
#2474=CARTESIAN_POINT('',(0.198938788686289,0.11,0.0070555704963066));
#2475=CARTESIAN_POINT('',(0.179488788686289,0.11,0.00705557049630659));
#2476=CARTESIAN_POINT('',(0.198938788686289,0.11,0.00936554791405803));
#2477=CARTESIAN_POINT('',(0.179488788686289,0.11,0.00936554791405803));
#2478=MECHANICAL_DESIGN_GEOMETRIC_PRESENTATION_REPRESENTATION('',(#1435),
#2479);
#2479=(
GEOMETRIC_REPRESENTATION_CONTEXT(3)
GLOBAL_UNCERTAINTY_ASSIGNED_CONTEXT((#2480))
GLOBAL_UNIT_ASSIGNED_CONTEXT((#2483,#2482,#2481))
REPRESENTATION_CONTEXT('Part 1','TOP_LEVEL_ASSEMBLY_PART')
);
#2480=UNCERTAINTY_MEASURE_WITH_UNIT(LENGTH_MEASURE(1.E-8),#2483,
'DISTANCE_ACCURACY_VALUE','Maximum Tolerance applied to model');
#2481=(
NAMED_UNIT(*)
SI_UNIT($,.STERADIAN.)
SOLID_ANGLE_UNIT()
);
#2482=(
NAMED_UNIT(*)
PLANE_ANGLE_UNIT()
SI_UNIT($,.RADIAN.)
);
#2483=(
LENGTH_UNIT()
NAMED_UNIT(*)
SI_UNIT($,.METRE.)
);
#2484=PRODUCT_DEFINITION_SHAPE('','',#2485);
#2485=PRODUCT_DEFINITION('','',#2487,#2486);
#2486=PRODUCT_DEFINITION_CONTEXT('',#2493,'design');
#2487=PRODUCT_DEFINITION_FORMATION_WITH_SPECIFIED_SOURCE('','',#2489,
 .NOT_KNOWN.);
#2488=PRODUCT_RELATED_PRODUCT_CATEGORY('','',(#2489));
#2489=PRODUCT('Part 1','Part 1','Part 1',(#2491));
#2490=PRODUCT_CATEGORY('','');
#2491=PRODUCT_CONTEXT('',#2493,'mechanical');
#2492=APPLICATION_PROTOCOL_DEFINITION('international standard',
'ap242_managed_model_based_3d_engineering',2011,#2493);
#2493=APPLICATION_CONTEXT('managed model based 3d engineering');
ENDSEC;
END-ISO-10303-21;
